word,frequency
expression,5
角,4
上,4
止める,3
埋める,3
擦る,3
縁,3
～日,3
下る,3
下,3
音,3
後,3
最中,2
様,2
獣,2
溝,2
主,2
脅かす,2
我,2
～画,2
頭,2
来る,2
市場,2
値,2
情緒,2
粋,2
濯ぐ,2
世論,2
先,2
早急,2
反る,2
大家,2
堪える,2
重複,2
塵,2
突く,2
手数,2
弾く,2
叩く,2
実,2
種,2
執着,2
出生,2
札,2
解ける,2
面目,2
目下,2
股,2
歪む,2
避ける,2
人気,2
～家,2
～所,2
～前,2
～等,2
相変わらず,2
預かる,2
温まる,2
当たり前,2
脂,2
争う,2
慌てる,2
案外,2
一昨日,2
写る,2
有無,2
応援,2
御～,2
蚊,2
貝,2
重ねる,2
飾り,2
楽器,2
活躍,2
課程,2
鐘,2
歌謡,2
殻,2
乾かす,2
間隔,2
乾燥,2
感想,2
期限,2
休息,2
琴,2
郡,2
碁,2
校舎,2
公正,2
紅葉,2
刺さる,2
刺す,2
酸性,2
四季,2
湿気,2
湿度,2
実力,2
児童,2
地味,2
重体,2
賞品,2
省略,2
酢,2
する,2
姓,2
性質,2
生長,2
生年月日,2
攻める,2
洗剤,2
全身,2
宣伝,2
そば,2
揃える,2
対照,2
大分,2
題名,2
高める,2
畳む,2
建つ,2
足袋,2
長～,2
通勤,2
通訳,2
次ぐ,2
伝わる,2
繋がる,2
積む,2
停電,2
東洋,2
溶ける,2
留まる,2
泊める,2
中身,2
殴る,2
生る,2
鈍い,2
煮る,2
掃く,2
外れる,2
派手,2
反省,2
冷やす,2
広げる,2
深まる,2
蒸す,2
不通,2
故郷,2
包装,2
解く,2
診る,2
蒸し暑い,2
名詞,2
名刺,2
面接,2
やかん,2
友好,2
容器,2
寄せる,2
寮,2
例外,2
分かれる,2
品,2
数,2
末,2
為る,2
生,2
行き,2
抱く,2
市,2
魚,2
運転,2
柄,2
描く,2
得る,2
円,2
額,2
方々,2
金,2
空,2
球,2
管,2
工場,2
今日,2
都,2
明後日,2
無,2
綿,2
文字,2
訳,2
夜,2
四,2
注ぐ,2
他,2
対,2
唯,2
中,2
梅雨,2
辛い,2
年月,2
日,2
日本,2
表,2
不,2
分,2
節,2
打つ,2
方,2
頬,2
本当,2
間,2
～月,2
開く,2
空く,2
明日,2
一日,2
九,2
～時,2
十,2
～中,2
～人,2
外,2
私,2
現像,1
原則,1
見地,1
現地,1
限定,1
原点,1
原典,1
原爆,1
原文,1
厳密,1
賢明,1
倹約,1
原油,1
兼用,1
権力,1
言論,1
故～,1
語彙,1
恋する,1
甲,1
～光,1
好意,1
行為,1
合意,1
工学,1
抗議,1
合議,1
皇居,1
好況,1
鉱業,1
興業,1
高原,1
交互,1
煌々と,1
考古学,1
工作,1
耕作,1
鉱山,1
講習,1
口述,1
控除,1
交渉,1
高尚,1
向上,1
行進,1
香辛料,1
降水,1
洪水,1
合成,1
公然,1
抗争,1
構想,1
後退,1
光沢,1
公団,1
好調,1
口頭,1
講読,1
購読,1
購入,1
公認,1
光熱費,1
購買,1
好評,1
交付,1
公募,1
巧妙,1
公用,1
小売,1
効率,1
公立,1
護衛,1
コーナー,1
小柄,1
小切手,1
国産,1
国定,1
告白,1
国防,1
国有,1
極楽,1
国連,1
焦げ茶,1
語源,1
心地,1
心得,1
心掛け,1
心掛ける,1
志,1
志す,1
心強い,1
心細い,1
試み,1
試みる,1
快い,1
誤差,1
ございます (かん),1
孤児,1
こじれる,1
こす (みずを～),1
梢,1
個性,1
戸籍,1
古代,1
こたつ,1
こだわる,1
誇張,1
こつ (をつかむ),1
滑稽,1
国交,1
骨董品,1
固定,1
事柄,1
孤独,1
ことごとく,1
言付け,1
殊に,1
粉々,1
好ましい,1
碁盤,1
個別,1
ごまかす,1
細やか,1
コマーシャル,1
込める,1
コメント,1
籠もる,1
固有,1
暦,1
凝らす,1
ごらんなさい (かん),1
孤立,1
懲りる,1
凝る,1
根気,1
根拠,1
混血,1
コンタクト (レンズ),1
昆虫,1
根底,1
混同,1
コントラスト,1
コントロール,1
コンパス,1
根本,1
財,1
再会,1
災害,1
細菌,1
細工,1
採掘,1
サイクル,1
採決,1
再建,1
再現,1
財源,1
在庫,1
採算,1
サイズ,1
再生,1
財政,1
最善,1
採択,1
栽培,1
再発,1
細胞,1
採用,1
遮る,1
さえずる,1
冴える,1
竿,1
栄える,1
差額,1
杯,1
逆立ち,1
さきに (いぜん),1
詐欺,1
削減,1
錯誤,1
作戦,1
叫び,1
捧げる,1
差し掛かる,1
指図,1
差し出す,1
差し支える,1
授ける,1
摩する,1
さぞ (さぞや。さぞかし),1
定まる,1
定める,1
座談会,1
雑,1
雑貨,1
殺人,1
察する,1
雑談,1
さっと,1
さっぱりする,1
悟る,1
座標,1
さほど,1
サボる,1
寒気,1
侍,1
さも,1
作用,1
さらう (こどもを～),1
障る,1
酸,1
山岳,1
参議院,1
産休,1
サンキュー,1
残金,1
産後,1
残酷,1
産出,1
参照,1
参上,1
残高,1
サンタクロース,1
桟橋,1
賛美,1
山腹,1
産婦人科,1
産物,1
山脈,1
仕上がり,1
仕上,1
仕上げる,1
飼育,1
強いて,1
シート,1
ジーパン,1
仕入れる,1
強いる,1
潮,1
歯科,1
自我,1
自覚,1
仕掛,1
仕掛ける,1
しかしながら,1
色彩,1
式場,1
しきたり,1
事業,1
軽蔑,1
経歴,1
経路,1
けがらわしい,1
劇団,1
激励,1
ゲスト,1
決,1
決意,1
結核,1
決議,1
結合,1
決算,1
月謝,1
決勝,1
結晶,1
結成,1
結束,1
げっそり,1
決断,1
月賦,1
欠乏,1
蹴飛ばす,1
けなす,1
煙たい,1
煙る,1
家来,1
下痢,1
権威,1
兼業,1
原形,1
原型,1
権限,1
現行,1
健在,1
原作,1
検事,1
原子,1
元首,1
原書,1
懸賞,1
健全,1
元素,1
同調,1
到底,1
動的,1
尊い,1
貴い,1
同等,1
堂々,1
尊ぶ,1
どうにか,1
投入,1
導入,1
当人,1
同封,1
逃亡,1
冬眠,1
同盟,1
どうやら,1
動力,1
登録,1
討論,1
遠ざかる,1
遠回り,1
トーン,1
とかく,1
とがめる,1
時折,1
とぎれる,1
研ぐ,1
特技,1
独裁,1
特産,1
独自,1
特集,1
独占,1
独創,1
得点,1
特派,1
特有,1
とげ (をさす),1
遂げる,1
～どころか,1
年頃,1
戸締り,1
途上,1
土台,1
途絶える,1
特許,1
特権,1
とっさに,1
突如,1
とって,1
突破,1
土手,1
届,1
滞る,1
整える,1
唱える,1
殿様,1
土俵,1
扉,1
徒歩,1
土木,1
とぼける,1
乏しい,1
富,1
富む,1
共稼ぎ,1
伴う,1
共働き,1
ドライ,1
ドライクリーニング,1
ドライバー,1
ドライブイン,1
トラブル,1
トランジスター,1
とりあえず,1
取扱,1
取り扱う,1
鳥居,1
取り替え,1
取り組む,1
取締り,1
取り締まる,1
取り調べる,1
取り立てる,1
取り次ぐ,1
取り付ける,1
取り除く,1
取引,1
取り巻く,1
取り混ぜる,1
取り戻す,1
取り寄せる,1
ドリル,1
副,1
とろける,1
鈍感,1
とんだ,1
度忘れ,1
問屋,1
内閣,1
乃至,1
内緒,1
内心,1
内蔵,1
ナイター,1
内部,1
内乱,1
内陸,1
苗,1
なおさら,1
流し,1
長々,1
中程,1
渚,1
嘆く,1
投げ出す,1
仲人,1
和やか,1
名残,1
情け,1
情無い,1
情深い,1
詰る,1
名高い,1
雪崩,1
懐く,1
名付ける,1
何気ない,1
なにとぞ,1
なにより,1
ナプキン,1
名札,1
生臭い,1
生温い,1
生身,1
鉛,1
滑らか,1
嘗める,1
悩ましい,1
悩ます,1
悩み,1
並びに,1
成り立つ,1
なるたけ,1
慣れ,1
馴々しい,1
～なんか,1
ナンセンス,1
何だか,1
なんだかんだ,1
なんなり,1
荷,1
似通う,1
にきび,1
賑わう,1
憎しみ,1
肉親,1
肉体,1
逃げ出す,1
西日,1
滲む,1
にせ物,1
日夜,1
荷造り,1
担う,1
鈍る,1
にも関わらず,1
ニュアンス,1
ニュー,1
入手,1
入賞,1
入浴,1
尿,1
認識,1
妊娠,1
任務,1
任命,1
抜かす,1
抜け出す,1
沼,1
音色,1
値打ち,1
ネガ,1
寝かせる,1
ねじまわし,1
捩れる,1
妬む,1
ねだる,1
熱意,1
熱湯,1
熱量,1
粘り,1
粘る,1
値引き,1
根回し,1
眠たい,1
練る,1
念,1
年賀,1
念願,1
年号,1
燃焼,1
年長,1
燃料,1
年輪,1
ノイローゼ,1
農耕,1
農場,1
農地,1
納入,1
逃す,1
逃れる,1
軒並,1
望ましい,1
乗っ取る,1
のどか,1
罵る,1
延べ,1
飲み込む,1
乗り込む,1
刃,1
～派,1
バー,1
把握,1
パート,1
廃棄,1
配給,1
ばい菌,1
配偶者,1
拝啓,1
背景,1
背後,1
廃止,1
拝借,1
排除,1
賠償,1
排水,1
敗戦,1
配置,1
配布,1
配分,1
敗北,1
倍率,1
配慮,1
配列,1
破壊,1
いたわる,1
一概に,1
著しい,1
一同,1
一部分,1
一別,1
一面,1
一目,1
一様,1
一律,1
一連,1
一括,1
一気,1
一挙に,1
一見,1
一切,1
一心,1
いっそ,1
一変,1
意図,1
営む,1
挑む,1
稲光,1
祈り,1
いびき,1
今更,1
未だ,1
移民,1
嫌々,1
卑しい,1
いやに,1
いやらしい,1
意欲,1
威力,1
衣類,1
異論,1
印鑑,1
陰気,1
隠居,1
インターチェンジ,1
インターナショナル,1
インターフォン,1
インテリ,1
インフォメーション,1
インフレ,1
受かる,1
受け入れ,1
受け入れる,1
受け継ぐ,1
受け付ける,1
受け止める,1
受身,1
受持ち,1
動き,1
嘘つき,1
うたた寝,1
打ち明ける,1
打ち切る,1
打ち消し,1
打ち込む,1
団扇,1
内訳,1
写し,1
訴え,1
うっとうしい,1
うつむく,1
空ろ,1
器,1
腕前,1
雨天,1
促す,1
うぬぼれ,1
生まれつき,1
埋め込む,1
梅干し,1
裏返し,1
売り出し,1
売り出す,1
潤う,1
浮気,1
上回る,1
植わる,1
運営,1
うんざり,1
運送,1
運賃,1
云々,1
運搬,1
運命,1
運輸,1
運用,1
エアメール,1
～営,1
英字,1
映写,1
映像,1
英雄,1
液,1
閲覧,1
獲物,1
襟,1
エレガント,1
円滑,1
縁側,1
沿岸,1
婉曲,1
演出,1
エンジニア,1
演じる,1
演ずる,1
沿線,1
縁談,1
遠方,1
円満,1
追い込む,1
追い出す,1
於いて,1
老いる,1
応急,1
黄金,1
往診,1
応募,1
おおい (かん),1
大方,1
大柄,1
おおげさ,1
大筋,1
大空,1
オートマチック,1
大幅,1
おおまかな,1
大水,1
公,1
犯す,1
侵す,1
臆病,1
遅らす,1
厳か,1
行い,1
おごる (ゆうしょくを～),1
収まる,1
納まる,1
治まる,1
お産,1
押し切る,1
押し込む,1
惜しむ,1
押し寄せる,1
雄,1
御世辞,1
襲う,1
遅くとも,1
恐れ,1
恐れ入る,1
おだてる,1
落ち込む,1
落ち着き,1
落葉,1
乙,1
お使い,1
おっかない,1
お手上げ,1
おどおど,1
脅す,1
訪れる,1
お供,1
衰える,1
同い年,1
自ずから,1
怯える,1
おびただしい,1
帯びる,1
お袋,1
覚え,1
おまけ,1
お宮,1
おむつ,1
思い付き,1
趣,1
赴く,1
重んじる,1
重んずる,1
親父,1
及び,1
及ぶ,1
折,1
檻,1
オリエンテーション,1
折り返す,1
織物,1
俺,1
愚か,1
おろそか,1
おんぶ,1
オンライン,1
温和,1
カーペット,1
～界,1
～街,1
改悪,1
海運,1
外貨,1
改革,1
貝殻,1
外観,1
階級,1
海峡,1
会見,1
介護,1
開催,1
回収,1
改修,1
怪獣,1
解除,1
外相,1
害する,1
概説,1
回送,1
階層,1
開拓,1
会談,1
改定,1
改訂,1
ガイド,1
街道,1
該当,1
街頭,1
ガイドブック,1
介入,1
概念,1
開発,1
海抜,1
介抱,1
解剖,1
外来,1
回覧,1
概略,1
海流,1
改良,1
回路,1
海路,1
省みる,1
顧みる,1
顔付き,1
課外,1
掲げる,1
かかと,1
書き取る,1
掻き回す,1
かく (はじを),1
学芸,1
格差,1
拡散,1
学士,1
各種,1
隔週,1
確信,1
革新,1
学説,1
確定,1
カクテル,1
獲得,1
楽譜,1
確保,1
革命,1
確立,1
賭,1
掛～,1
～掛け,1
崖,1
駆け足,1
家計,1
駆けっこ,1
加工,1
化合,1
かさばる,1
かさむ,1
箇条書,1
微か,1
霞む,1
火星,1
化石,1
河川,1
化繊,1
過疎,1
片～,1
片言,1
傾ける,1
固める,1
傍ら,1
花壇,1
家畜,1
且つ,1
がっくり,1
合唱,1
がっしり,1
合致,1
がっちり,1
かつて,1
勝手,1
カット,1
活発,1
合併,1
カテゴリー,1
叶う,1
叶える,1
金槌,1
かなわない,1
加入,1
予て,1
庇う,1
株式,1
かぶれる,1
花粉,1
貨幣,1
構える,1
過密,1
噛み切る,1
カムバック,1
カメラマン,1
粥,1
体付き,1
絡む,1
かりに,1
カルテ,1
ガレージ,1
過労,1
かろうじて,1
交す,1
代る代る,1
簡易,1
灌漑,1
眼科,1
眼球,1
玩具,1
簡潔,1
還元,1
看護,1
漢語,1
頑固,1
勧告,1
換算,1
監視,1
慣習,1
観衆,1
願書,1
干渉,1
頑丈,1
感触,1
肝心,1
肝腎,1
関税,1
岩石,1
感染,1
幹線,1
簡素,1
観点,1
感度,1
カンニング,1
元年,1
幹部,1
完ぺき,1
勘弁,1
感無量,1
勧誘,1
関与,1
寛容,1
元来,1
観覧,1
慣例,1
還暦,1
貫禄,1
緩和,1
議案,1
危害,1
企画,1
規格,1
着飾る,1
気兼ね,1
気軽,1
危機,1
聞き取り,1
効き目,1
帰京,1
戯曲,1
基金,1
喜劇,1
議決,1
棄権,1
既婚,1
気障,1
記載,1
兆,1
気質,1
期日,1
きしむ,1
議事堂,1
記述,1
気象,1
傷付く,1
傷付ける,1
犠牲,1
汽船,1
寄贈,1
偽造,1
貴族,1
議題,1
鍛える,1
気立て,1
きちっと,1
几帳面,1
きっかり,1
きっちり,1
きっぱり,1
規定,1
起点,1
軌道,1
技能,1
規範,1
気品,1
気風,1
起伏,1
規模,1
気まぐれ,1
生真面目,1
期末,1
きまりわるい,1
記名,1
規約,1
脚色,1
逆転,1
脚本,1
華奢,1
客観,1
キャッチ,1
キャリア,1
救援,1
休学,1
究極,1
窮屈,1
球根,1
救済,1
給仕,1
給食,1
休戦,1
宮殿,1
旧知,1
窮乏,1
寄与,1
強,1
～狂,1
驚異,1
教科,1
協会,1
共学,1
共感,1
境遇,1
教訓,1
強行,1
強硬,1
教材,1
凶作,1
業者,1
教習,1
郷愁,1
教職,1
興じる,1
強制,1
行政,1
業績,1
共存,1
協定,1
郷土,1
脅迫,1
業務,1
共鳴,1
郷里,1
強烈,1
共和,1
局限,1
極端,1
居住,1
拒絶,1
漁船,1
漁村,1
拒否,1
許容,1
清らか,1
きらびやか,1
～きり,1
義理,1
切替,1
気流,1
切れ目,1
疑惑,1
極めて,1
近眼,1
緊急,1
近郊,1
均衡,1
禁じる,1
勤勉,1
吟味,1
勤務,1
禁物,1
勤労,1
クイズ,1
食い違う,1
空間,1
空腹,1
区画,1
区間,1
茎,1
区切り,1
くぐる,1
くじ (～をひく),1
くじびき,1
くすぐったい,1
愚痴,1
口吟む,1
嘴,1
朽ちる,1
覆す,1
くっきり,1
屈折,1
ぐっと,1
首飾り,1
首輪,1
組み込む,1
組み合わせる,1
蔵,1
グレー,1
クレーン,1
玄人,1
黒字,1
軍艦,1
軍事,1
君主,1
群集,1
群衆,1
軍備,1
軍服,1
芸,1
経過,1
軽快,1
警戒,1
敬具,1
軽減,1
掲載,1
傾斜,1
形成,1
形勢,1
軽率,1
刑罰,1
経費,1
警部,1
転換,1
転居,1
転勤,1
点検,1
電源,1
天国,1
天才,1
天災,1
展示,1
伝説,1
点線,1
転じる,1
転ずる,1
天体,1
伝達,1
天地,1
てんで,1
転任,1
展望,1
伝来,1
転落,1
問い合わせる,1
当～,1
胴,1
同意,1
動員,1
同感,1
陶器,1
討議,1
動機,1
等級,1
同級,1
同居,1
登校,1
統合,1
動向,1
投資,1
同情,1
道場,1
統制,1
当選,1
逃走,1
統率,1
到達,1
統治,1
仕切る,1
資金,1
軸,1
しくじる,1
仕組,1
死刑,1
湿気る,1
施行,1
思考,1
志向,1
嗜好,1
事項,1
時刻表,1
地獄,1
時差,1
自在,1
視察,1
資産,1
支持,1
自主,1
自首,1
刺繍,1
辞職,1
雫,1
システム,1
沈める,1
施設,1
事前,1
子息,1
持続,1
自尊心,1
慕う,1
下心,1
下地,1
親しむ,1
下調べ,1
愛想,1
間柄,1
合間,1
敢えて,1
仰ぐ,1
垢,1
赤字,1
明かす,1
赤らむ,1
上がり,1
諦め,1
アクセル,1
あくどい,1
顎,1
憧れ,1
麻,1
あざ,1
浅ましい,1
欺く,1
鮮やか,1
嘲笑う,1
悪しからず,1
味わい,1
焦る,1
あせる (こえが～),1
値する,1
悪化,1
扱い,1
呆気ない,1
あっさり,1
斡旋,1
圧倒,1
圧迫,1
あつらえる,1
圧力,1
当て,1
～宛,1
当て字,1
跡継ぎ,1
後回し,1
油絵,1
アプローチ,1
あべこべ,1
甘える,1
雨具,1
甘口,1
アマチュア,1
網,1
操る,1
危ぶむ,1
あやふや,1
過ち,1
誤る,1
歩み,1
歩む,1
予め,1
荒らす,1
争い,1
改まる,1
荒っぽい,1
アラブ,1
霰,1
有り様,1
ありのまま,1
ありふれる,1
アルカリ,1
アルミ,1
アワー,1
合わす,1
～合せ,1
アンコール,1
暗殺,1
暗算,1
暗示,1
案じる,1
安静,1
案の定,1
いい加減,1
言い訳,1
イェス,1
家出,1
生かす,1
いかに,1
いかにも,1
異議,1
生き甲斐,1
行き違い,1
意気込む,1
育成,1
幾多,1
"(花を〜) 生ける, 活ける",1
異見,1
意向,1
移行,1
いざ,1
移住,1
衣装,1
いじる,1
異性,1
遺跡,1
依存,1
委託,1
いたって,1
出世,1
出題,1
出動,1
出費,1
出品,1
主導,1
主任,1
首脳,1
守備,1
手法,1
樹木,1
樹立,1
準急,1
準じる,1
～署,1
～症,1
～証,1
～嬢,1
上位,1
上演,1
城下,1
消去,1
上空,1
衝撃,1
証言,1
証拠,1
照合,1
詳細,1
上昇,1
昇進,1
称する,1
情勢,1
消息,1
承諾,1
象徴,1
小児科,1
使用人,1
情熱,1
譲歩,1
条約,1
勝利,1
上陸,1
蒸溜,1
奨励,1
ショー,1
除外,1
職員,1
植民地,1
職務,1
諸君,1
助言,1
徐行,1
所在,1
所持,1
所属,1
処置,1
しょっちゅう,1
所定,1
所得,1
処罰,1
初版,1
書評,1
処分,1
庶民,1
庶務,1
所有,1
調べ,1
自立,1
記す,1
指令,1
～心,1
陣,1
進化,1
人格,1
審議,1
新婚,1
審査,1
人材,1
紳士,1
真実,1
信者,1
真珠,1
進出,1
心情,1
新人,1
神聖,1
親善,1
真相,1
迅速,1
人体,1
新築,1
心中,1
進呈,1
進展,1
神殿,1
進度,1
振動,1
新入生,1
信任,1
神秘,1
辛抱,1
人民,1
侵略,1
診療,1
水源,1
推進,1
吹奏,1
推測,1
水田,1
推理,1
数詞,1
崇拝,1
据え付ける,1
据える,1
すがすがしい,1
救い,1
すくう (みずを～),1
健やか,1
進み,1
裾,1
スタジオ,1
スチーム,1
ストライキ,1
スト,1
ストロー,1
ストロボ,1
すばしこい,1
素早い,1
ずばり,1
スプリング,1
スペース,1
ずぶぬれ,1
スポーツカー,1
澄ます,1
清ます,1
済ます,1
すみやか,1
スラックス,1
ずらっと,1
ずるずる,1
ずれ,1
すれちがい,1
擦れる,1
すんなり,1
生育,1
成育,1
成果,1
正解,1
正義,1
生計,1
政権,1
星座,1
制裁,1
政策,1
生死,1
静止,1
誠実,1
成熟,1
青春,1
清純,1
聖書,1
正常,1
制する,1
整然,1
盛装,1
盛大,1
清濁,1
制定,1
静的,1
製鉄,1
晴天,1
正当,1
制服,1
征服,1
製法,1
精密,1
税務署,1
制約,1
勢力,1
整列,1
セール,1
急かす,1
伜,1
責務,1
セクション,1
世辞,1
世帯,1
是正,1
世代,1
切開,1
セックス,1
切実,1
接触,1
接続詞,1
設置,1
折衷,1
設定,1
説得,1
切ない,1
絶版,1
設立,1
攻め,1
ゼリー,1
セレモニー,1
繊維,1
全快,1
宣教,1
宣言,1
戦災,1
専修,1
戦術,1
センス,1
潜水,1
全盛,1
先代,1
先だって,1
先着,1
前提,1
先天的,1
前途,1
戦闘,1
潜入,1
船舶,1
全滅,1
専用,1
占領,1
善良,1
戦力,1
前例,1
相応,1
総会,1
創刊,1
雑木,1
増強,1
送金,1
走行,1
総合,1
捜索,1
蔵相,1
装飾,1
増進,1
相対,1
壮大,1
騒動,1
遭難,1
相場,1
装備,1
創立,1
添える,1
ソース,1
即座に,1
促進,1
即する,1
束縛,1
側面,1
損う,1
そこら,1
素材,1
阻止,1
訴訟,1
育ち,1
措置,1
ソックス,1
素っ気無い,1
外方,1
備え付ける,1
備わる,1
具わる,1
聳える,1
素朴,1
背く,1
染まる,1
染める,1
そらす,1
そり (～にのる),1
それゆえ,1
ソロ,1
揃い,1
ぞんざい,1
損失,1
存続,1
ダース,1
対応,1
退化,1
大概,1
体格,1
大金,1
待遇,1
対決,1
体験,1
対抗,1
退治,1
大衆,1
対処,1
退職,1
題する,1
態勢,1
対談,1
大胆,1
対等,1
台無し,1
滞納,1
対比,1
タイピスト,1
大部,1
大便,1
代弁,1
待望,1
台本,1
タイマー,1
怠慢,1
タイミング,1
タイム,1
タイムリー,1
対面,1
代用,1
体力,1
タイル,1
対話,1
耐える,1
絶える,1
断える,1
打開,1
焚火,1
妥協,1
たくましい,1
巧み,1
丈,1
打撃,1
妥結,1
駄作,1
足し算,1
多数決,1
助け,1
携わる,1
漂う,1
立ち去る,1
立ち寄る,1
抱っこ,1
達者,1
脱出,1
脱する,1
達成,1
脱退,1
だったら,1
立て替える,1
建前,1
奉る,1
だと,1
他動詞,1
辿り着く,1
辿る,1
束ねる,1
だぶだぶ,1
他方,1
多忙,1
給う,1
魂,1
溜まり,1
賜る,1
保つ,1
たやすい,1
多様,1
だるい,1
弛み,1
弛む,1
垂れる,1
タレント,1
タワー,1
単一,1
短歌,1
担架,1
短気,1
団結,1
探検,1
断言,1
短縮,1
断然,1
炭素,1
短大,1
単調,1
単独,1
旦那,1
短波,1
蛋白質,1
ダンプ,1
断面,1
弾力,1
治安,1
チームワーク,1
チェンジ,1
違える,1
畜産,1
畜生,1
蓄積,1
地形,1
知性,1
乳,1
縮まる,1
秩序,1
窒息,1
知的,1
着手,1
着色,1
着席,1
着目,1
着陸,1
着工,1
茶の間,1
茶の湯,1
ちやほや,1
チャンネル,1
宙返り,1
中継,1
忠告,1
中傷,1
中枢,1
抽選,1
中断,1
中毒,1
中腹,1
中立,1
中和,1
～著,1
腸,1
蝶,1
超,1
調印,1
聴覚,1
長官,1
聴講,1
徴収,1
聴診器,1
調停,1
長編,1
重宝,1
調理,1
調和,1
ちょくちょく,1
直面,1
著書,1
貯蓄,1
直感,1
著名,1
ちらっと,1
塵取り,1
賃金,1
沈殿,1
沈没,1
沈黙,1
陳列,1
追及,1
追跡,1
追放,1
費やす,1
墜落,1
痛感,1
通常,1
痛切,1
杖,1
使い道,1
仕える,1
司る,1
つかの間,1
月並,1
継目,1
尽きる,1
尽くす,1
つくづく,1
作り,1
造り,1
繕う,1
付け加える,1
告げる,1
つじつま (はなしの～),1
筒,1
突っ突く,1
謹む,1
突っ張る,1
務まる,1
勤め先,1
努めて,1
津波,1
つねる,1
募る,1
唾,1
呟く,1
つぶら,1
つぶる (めを～),1
壷,1
蕾,1
連なる,1
貫く,1
連ねる,1
釣り鐘,1
吊り革,1
手当,1
定義,1
提供,1
提携,1
体裁,1
提示,1
ティシュペーパー,1
定食,1
訂正,1
停滞,1
邸宅,1
定年,1
堤防,1
手遅れ,1
でかい,1
手掛かり,1
手掛ける,1
手軽,1
適応,1
適宜,1
適性,1
できもの,1
手際,1
出くわす,1
手順,1
手錠,1
デコレーション,1
手近,1
てっきり,1
鉄鋼,1
デッサン,1
徹する,1
てっぺん,1
鉄棒,1
出直し,1
掌,1
手配,1
手筈,1
手引,1
手本,1
手回し,1
手元,1
デモンストレーション,1
照り返す,1
テレックス,1
手分け,1
天,1
田園,1
天下,1
転回,1
連休,1
レンジ,1
連日,1
連帯,1
レンタカー,1
連中,1
レントゲン,1
連邦,1
連盟,1
老衰,1
朗読,1
浪費,1
労力,1
ロープウエイ,1
ロープ,1
ろくな,1
露骨,1
ロマンチック,1
論議,1
論理,1
惑星,1
技,1
わざわざ,1
煩わしい,1
渡り鳥,1
ワット,1
詫び,1
和文,1
藁,1
～割,1
割当,1
割込む,1
悪者,1
捗る,1
はかない,1
ばかばかしい,1
破棄,1
剥ぐ,1
迫害,1
薄弱,1
白状,1
漠然,1
爆弾,1
爆破,1
暴露,1
励ます,1
励む,1
剥げる,1
化ける,1
派遣,1
恥,1
パジャマ,1
恥じらう,1
恥じる,1
橋渡し,1
弾む,1
破損,1
裸足,1
果たす,1
蜂蜜,1
パチンコ,1
罰,1
発育,1
発芽,1
発掘,1
発言,1
バッジ,1
発生,1
仕立てる,1
下取り,1
下火,1
実家,1
失格,1
質疑,1
失脚,1
実業家,1
シック,1
じっくり,1
躾,1
躾ける,1
実践,1
質素,1
実態,1
失調,1
嫉妬,1
実費,1
指摘,1
自転,1
助動詞,1
淑やか,1
萎びる,1
シナリオ,1
しなやか,1
屎尿,1
地主,1
凌ぐ,1
芝,1
始発,1
耳鼻科,1
私物,1
しぶとい,1
司法,1
始末,1
染みる,1
使命,1
地元,1
視野,1
弱,1
社交,1
ジャズ,1
謝絶,1
社宅,1
若干,1
三味線,1
斜面,1
砂利,1
洒落る,1
ジャンパー,1
ジャンプ,1
ジャンボ,1
ジャンル,1
私有,1
～宗,1
収益,1
修学,1
周期,1
衆議院,1
就業,1
従業員,1
集計,1
襲撃,1
収支,1
終始,1
修士,1
従事,1
終日,1
充実,1
収集,1
十字路,1
柔軟,1
収容,1
従来,1
守衛,1
主演,1
主観,1
修行,1
塾,1
祝賀,1
宿命,1
手芸,1
主権,1
主催,1
取材,1
趣旨,1
種々,1
主食,1
主人公,1
主体,1
主題,1
出演,1
出血,1
出現,1
出産,1
出社,1
微量,1
昼飯,1
比例,1
疲労,1
敏感,1
貧困,1
品質,1
貧弱,1
品種,1
ヒント,1
頻繁,1
貧乏,1
ファイト,1
ファイル,1
ファン,1
不意,1
フィルタ,1
封,1
封鎖,1
風車,1
風習,1
風俗,1
ブーツ,1
風土,1
ブーム,1
フォーム,1
部下,1
不可欠,1
ぶかぶか,1
不吉,1
不況,1
布巾,1
複合,1
福祉,1
覆面,1
膨れる,1
不景気,1
耽る,1
老ける,1
富豪,1
布告,1
ブザー,1
負債,1
不在,1
ふさわしい,1
不順,1
負傷,1
侮辱,1
不審,1
不振,1
武装,1
負担,1
不調,1
復活,1
物議,1
復旧,1
復興,1
物資,1
仏像,1
物体,1
沸騰,1
不当,1
不動産,1
無難,1
赴任,1
腐敗,1
不評,1
不服,1
普遍,1
踏まえる,1
踏み込む,1
不明,1
部門,1
扶養,1
ふらふら,1
ぶらぶら,1
振り返る,1
振り出し,1
不良,1
浮力,1
武力,1
ブル,1
震わせる,1
無礼,1
付録,1
フロント,1
憤慨,1
文化財,1
分業,1
文語,1
分散,1
分子,1
紛失,1
噴出,1
文書,1
紛争,1
ふんだん,1
分担,1
奮闘,1
分配,1
分母,1
粉末,1
分離,1
分裂,1
ペア,1
兵器,1
閉口,1
閉鎖,1
兵士,1
平常,1
平方,1
並列,1
ベース,1
辟易,1
ぺこぺこ,1
ベスト,1
ベストセラー,1
隔たる,1
へりくだる,1
弁解,1
変革,1
返還,1
便宜,1
偏見,1
弁護,1
返済,1
弁償,1
変遷,1
返答,1
変動,1
弁論,1
穂,1
保育,1
ボイコット,1
ポイント,1
法案,1
防衛,1
防火,1
崩壊,1
妨害,1
法学,1
封建,1
豊作,1
方策,1
奉仕,1
方式,1
放射,1
放射能,1
報酬,1
放出,1
報じる,1
報ずる,1
紡績,1
呆然,1
放置,1
膨張,1
法廷,1
報道,1
冒頭,1
暴動,1
褒美,1
暴風,1
葬る,1
放り込む,1
放り出す,1
暴力,1
飽和,1
ホース,1
ポーズ,1
ホール,1
保温,1
捕獲,1
保管,1
補給,1
補強,1
募金,1
牧師,1
捕鯨,1
惚ける,1
保険,1
母校,1
母国,1
誇る,1
綻びる,1
干し～,1
ポジション,1
干し物,1
保守,1
補充,1
補助,1
舗装,1
補足,1
墓地,1
発作,1
没収,1
発足,1
ポット,1
ほっぺた,1
ぼつぼつ,1
没落,1
施す,1
ほとり,1
ぼやく,1
ぼやける,1
保養,1
捕虜,1
ボルト,1
滅びる,1
滅ぼす,1
本格,1
本館,1
本気,1
本国,1
本質,1
本体,1
本音,1
本能,1
本場,1
ポンプ,1
本文,1
本名,1
マーク,1
マイ～,1
マイクロフォン,1
埋蔵,1
舞う,1
真上,1
前売,1
前置き,1
任す,1
負かす,1
賄う,1
紛らわしい,1
紛れる,1
真心,1
まごつく,1
誠,1
誠に,1
まさしく,1
勝る,1
～増し,1
交える,1
真下,1
まして,1
交わる,1
麻酔,1
またがる (うまを～),1
待ち合わせ,1
待ち遠しい,1
待ち望む,1
まちまち,1
末期,1
真っ二つ,1
まと,1
纏まり,1
纏め,1
免れる,1
招き,1
瞬き,1
麻痺,1
～まみれ,1
眉,1
鞠,1
丸ごと,1
まるっきり,1
丸々,1
丸める,1
満月,1
満場,1
真ん前,1
真ん丸い,1
真ん円い,1
～味,1
見合い,1
見合わせる,1
見落とす,1
未開,1
味覚,1
幹,1
見苦しい,1
見込み,1
未婚,1
未熟,1
微塵,1
水気,1
ミスプリント,1
みすぼらしい,1
ミセス,1
見せびらかす,1
見せ物,1
満たす,1
乱す,1
乱れる,1
未知,1
身近,1
導く,1
密集,1
密接,1
密度,1
見積もり,1
未定,1
見通し,1
見なす,1
源,1
見習う,1
身なり,1
峰,1
身の上,1
見逃す,1
身の回り,1
見計らう,1
見晴らし,1
身振り,1
脈,1
ミュージック,1
未練,1
見渡す,1
民宿,1
民族,1
民俗,1
無意味,1
ムード,1
無口,1
婿,1
無効,1
無言,1
無邪気,1
むしる,1
結び,1
結び付き,1
結び付く,1
結び付ける,1
無線,1
無駄遣い,1
無断,1
無知,1
無茶,1
無茶苦茶,1
空しい,1
無念,1
無能,1
無闇に,1
無用,1
斑,1
群がる,1
無論,1
名産,1
名称,1
命中,1
明白,1
名簿,1
名誉,1
明瞭,1
明朗,1
メーカー,1
目方,1
恵み,1
恵む,1
目覚しい,1
目覚める,1
召す,1
雌,1
目付き,1
滅亡,1
メディア,1
目途,1
目盛,1
メロディー,1
面会,1
免除,1
面する,1
～網,1
設ける,1
申し入れる,1
申込,1
申出,1
申し出る,1
申し分,1
盲点,1
猛烈,1
モーテル,1
もがく,1
目録,1
目論見,1
模型,1
模索,1
もしかして,1
もしくは,1
もたらす,1
持ち切り,1
専ら,1
もてなす,1
もてる,1
モニター,1
物好き,1
物足りない,1
もはや,1
模範,1
模倣,1
もめる,1
腿,1
催す,1
漏らす,1
盛り上がる,1
漏る,1
漏れる,1
脆い,1
もろに,1
矢,1
野外,1
～薬,1
夜具,1
役職,1
役場,1
やけに,1
屋敷,1
養う,1
野心,1
安っぽい,1
休める,1
野生,1
奴,1
闇,1
病む,1
ややこしい,1
やりとおす,1
やりとげる,1
和らげる,1
ヤング,1
～油,1
優位,1
憂鬱,1
有益,1
優越,1
勇敢,1
夕暮れ,1
融資,1
有する,1
優勢,1
優先,1
誘導,1
融通,1
優美,1
有望,1
遊牧,1
夕焼け,1
有力,1
幽霊,1
誘惑,1
故,1
揺さぶる,1
ゆとり,1
ユニーク,1
ユニフォーム,1
指差す,1
弓,1
揺らぐ,1
緩む,1
緩める,1
緩やか,1
要因,1
溶液,1
用件,1
養護,1
用紙,1
様式,1
要する,1
要請,1
様相,1
用品,1
洋風,1
用法,1
要望,1
余暇,1
予感,1
余興,1
預金,1
欲,1
抑圧,1
浴室,1
抑制,1
欲深い,1
欲望,1
予言,1
横綱,1
汚れ,1
よし (かん),1
良し,1
善し悪し,1
余所見,1
余地,1
よって (よりどころ),1
与党,1
呼び止める,1
夜更し,1
夜更け,1
余程,1
読み上げる,1
～寄り,1
寄り掛かる,1
弱る,1
来場,1
ライス,1
酪農,1
落下,1
楽観,1
ランプ,1
濫用,1
リード,1
理屈,1
利子,1
利潤,1
理性,1
利息,1
立体,1
立方,1
立法,1
利点,1
略奪,1
略語,1
流通,1
領域,1
了解,1
領海,1
両極,1
良好,1
良識,1
良質,1
了承,1
良心,1
領地,1
領土,1
両立,1
旅客,1
旅券,1
履歴,1
理論,1
林業,1
類,1
類推,1
類似,1
ルーズ,1
冷酷,1
冷蔵,1
冷淡,1
レース,1
レギュラー,1
レッスン,1
レディー,1
レバー,1
恋愛,1
バッテリー,1
バット,1
発病,1
初耳,1
果て,1
果てる,1
ばてる,1
パトカー,1
甚だ,1
華々しい,1
花びら,1
華やか,1
阻む,1
浜,1
浜辺,1
はまる,1
早める,1
腹立ち,1
原っぱ,1
はらはら,1
ばらまく,1
張り紙,1
遥か,1
破裂,1
腫れる,1
繁栄,1
版画,1
ハンガー,1
反感,1
反響,1
パンク,1
反撃,1
判決,1
反射,1
繁盛,1
繁殖,1
反する,1
判定,1
万人,1
晩年,1
反応,1
万能,1
半端,1
反発,1
反乱,1
氾濫,1
美,1
ひいては,1
ビールス,1
控室,1
控える,1
悲観,1
引き上げる,1
率いる,1
引き起こす,1
引下げる,1
引きずる,1
引取る,1
否決,1
日頃,1
久しい,1
悲惨,1
ビジネス,1
比重,1
美術,1
秘書,1
微笑,1
密か,1
浸す,1
ひたすら,1
左利き,1
引っ掻く,1
必修,1
びっしょり,1
必然,1
匹敵,1
一息,1
人影,1
人柄,1
一頃,1
人質,1
一筋,1
人目,1
日取り,1
雛,1
雛祭,1
日向,1
非難,1
避難,1
日の丸,1
火花,1
ひび (かべの～),1
悲鳴,1
冷やかす,1
日焼け,1
標語,1
描写,1
ひょっと,1
びら,1
平たい,1
びり,1
比率,1
〜 (まる) ごと,1
(かさを～) さす,1
〜(日本) 式,1
～位,1
～いち (にほんいち),1
～園,1
～おしまい (おわり),1
～下,1
～化,1
～科,1
～歌,1
～外,1
～難い,1
～がち,1
～刊,1
～間,1
～巻,1
～館,1
～感,1
～期,1
～器,1
～機,1
～気味,1
～教,1
～行,1
～業,1
～きる,1
～切れ,1
～口,1
～形,1
～系,1
～圏,1
～校,1
～港,1
～号,1
～国,1
～毎,1
～山,1
～産,1
～史,1
～紙,1
～寺,1
～時間目,1
～室,1
～車,1
～者,1
～社,1
～手,1
～酒,1
～集,1
～女,1
～省,1
～商,1
～勝,1
～条,1
～場,1
～畳,1
～色,1
～過ぎる,1
～済,1
～席,1
～船,1
～戦,1
～沿い,1
～艘,1
～足,1
～だらけ,1
～団,1
～着,1
～庁,1
～兆,1
～長,1
～帳,1
～丁目,1
～通,1
～遣い,1
～付,1
～続く,1
～辛い,1
～滴,1
～点,1
～頭,1
～島,1
～道,1
～通り,1
～ところ,1
～内,1
～年生,1
～泊,1
～発,1
～番目,1
～費,1
～病,1
～部,1
～風,1
～振り,1
～遍,1
～弁,1
～歩,1
～ぽい,1
～ほう (ひかく),1
～みたい,1
～向け,1
～名,1
～もち,1
～問,1
～夜,1
～流,1
～料,1
～領,1
～力,1
～論,1
～羽,1
アイデア; アイディア,1
あいまい,1
扇ぐ,1
青白い,1
呆れる,1
アクセント,1
あくび,1
飽くまで,1
明くる～,1
明け方,1
憧れる,1
朝寝坊,1
足跡,1
足元,1
味わう,1
あちらこちら,1
厚かましい,1
圧縮,1
宛名,1
当てはまる,1
当てはめる,1
暴れる,1
あぶる,1
あふれる,1
雨戸,1
甘やかす,1
余る,1
編み物,1
あみもの,1
編む,1
危うい,1
怪しい,1
荒い,1
粗い,1
粗筋,1
改めて,1
改める,1
あらわす,1
有難い,1
あれこれ,1
荒れる,1
慌ただしい,1
安易,1
アンテナ,1
言い出す,1
言い付ける,1
意義,1
生き生き,1
いきなり,1
幾～,1
育児,1
幾分,1
生け花,1
以後,1
イコール,1
以降,1
勇ましい,1
衣食住,1
いちいち,1
一応,1
一段と,1
一流,1
一昨年,1
一斉,1
一旦,1
一定,1
行っていらっしゃい,1
いってきます,1
いってまいります,1
行ってらっしゃい,1
移転,1
井戸,1
緯度,1
威張る,1
嫌がる,1
いよいよ,1
煎る,1
炒る,1
入れ物,1
インキ,1
引力,1
ウーマン,1
ウール,1
ウエートレス,1
植木,1
飢える,1
浮ぶ,1
浮かべる,1
浮く,1
承る,1
受取,1
受け持つ,1
薄暗い,1
薄める,1
打合せ,1
打ち消す,1
うどん,1
うなずく,1
敬う,1
裏返す,1
裏口,1
占う,1
恨み,1
恨む,1
羨む,1
売上,1
売り上げ,1
売り切れ,1
売り切れる,1
売行き,1
売れ行き,1
うろうろ,1
上～,1
運河,1
うんと,1
英文,1
英和,1
ええと,1
液体,1
エチケット,1
絵の具,1
エプロン,1
偉い,1
宴会,1
園芸,1
演劇,1
円周,1
遠足,1
延長,1
煙突,1
オーケストラ,1
オートメーション,1
追いかける,1
追い越す,1
オイル,1
王女,1
応ずる,1
応接,1
応対,1
往復,1
欧米,1
応用,1
おおざっぱ,1
大通り,1
大凡,1
お帰り,1
おかけください,1
おかげさまで,1
おかず,1
おかまいなく,1
拝む,1
お代わり,1
補う,1
お気の毒に,1
屋外,1
送り仮名,1
お元気で,1
怠る,1
押さえる,1
お先に,1
伯父,1
叔父,1
惜しい,1
伯父さん,1
小父さん,1
叔父さん,1
お邪魔します,1
お世話になりました,1
お大事に,1
落着く,1
お出掛け,1
お手伝いさん,1
落し物,1
驚かす,1
お願いします,1
各々,1
伯母,1
叔母,1
小母さん,1
おはよう,1
お参り,1
お待たせしました,1
お待ちください,1
おまちどおさま,1
おめでたい,1
思い掛けない,1
思い切り,1
思い込む,1
思いっ切り,1
思いっきり,1
重たい,1
お休み,1
おやつ,1
親指,1
オルガン,1
恩恵,1
温室,1
温泉,1
温帯,1
御中,1
女の人,1
カーブ,1
外～,1
開会,1
会館,1
改札,1
解散,1
海水浴,1
回数,1
回数券,1
改正,1
快晴,1
解説,1
改造,1
開通,1
回転,1
解答,1
回答,1
外部,1
解放,1
開放,1
海洋,1
概論,1
却って,1
家屋,1
係わる,1
書留,1
書取,1
垣根,1
限り,1
各～,1
架空,1
各自,1
拡充,1
学術,1
各地,1
拡張,1
角度,1
学年,1
学部,1
格別,1
確率,1
学力,1
掛け算,1
かけざん,1
可決,1
火口,1
下降,1
火山,1
かしこまりました,1
貸し出し,1
過失,1
果実,1
貸間,1
貸家,1
箇所,1
かしょ,1
過剰,1
かじる,1
課税,1
カセット,1
下線,1
加速,1
加速度,1
かたかな,1
かたづく,1
塊,1
固まる,1
片道,1
傾く,1
片寄る,1
学科,1
学会,1
学級,1
担ぐ,1
括弧,1
活字,1
勝手に,1
活力,1
仮名,1
仮名遣い,1
加熱,1
兼ねる,1
カバー,1
過半数,1
かび (～がはえる),1
被せる,1
釜,1
構いません,1
紙屑,1
神様,1
剃刀,1
ガム,1
貨物,1
カラー,1
からかう,1
空っぽ,1
かるた,1
枯れる,1
カロリー,1
可愛がる,1
為替,1
瓦,1
換気,1
感激,1
関西,1
元日,1
鑑賞,1
感ずる,1
間接,1
観測,1
寒帯,1
勘違い,1
官庁,1
缶詰,1
乾電池,1
関東,1
観念,1
乾杯,1
看板,1
看病,1
冠,1
漢和,1
気圧,1
着替え,1
着替える,1
機関車,1
飢饉,1
器具,1
記号,1
刻む,1
儀式,1
基準,1
規準,1
起床,1
着せる,1
基礎,1
基地,1
きっかけ,1
切っ掛け,1
ぎっしり,1
基盤,1
客席,1
客間,1
ギャング,1
キャンパス,1
休業,1
休講,1
給与,1
休養,1
清い,1
強化,1
境界,1
共産～,1
行事,1
恐縮,1
教養,1
行列,1
漁業,1
曲線,1
規律,1
斬る,1
気を付ける,1
金魚,1
クーラー,1
区域,1
空～,1
偶数,1
空想,1
空中,1
釘,1
区切る,1
櫛,1
くしゃみ,1
苦情,1
苦心,1
屑,1
崩す,1
薬指,1
崩れる,1
砕く,1
砕ける,1
くたびれる,1
くだらない,1
唇,1
口紅,1
くっつく,1
くっつける,1
くどい,1
句読点,1
配る,1
工夫,1
区分,1
組合せ,1
組み立てる,1
悔やむ,1
クリーニング,1
くるむ,1
くれぐれも,1
稽古,1
敬語,1
蛍光灯,1
形式,1
継続,1
毛糸,1
経度,1
系統,1
芸能,1
競馬,1
警備,1
形容詞,1
形容動詞,1
外科,1
毛皮,1
激増,1
下車,1
下旬,1
下水,1
削る,1
桁,1
下駄,1
血圧,1
月給,1
傑作,1
月末,1
気配,1
下品,1
下品(な),1
煙い,1
険しい,1
現～,1
見学,1
謙虚,1
原稿,1
原産,1
原始,1
研修,1
厳重,1
謙遜,1
県庁,1
限度,1
現に,1
顕微鏡,1
懸命,1
原理,1
原料,1
小～,1
コース,1
コーラス,1
恋しい,1
高～,1
工員,1
強引,1
公害,1
高級,1
公共,1
工芸,1
孝行,1
交差,1
講師,1
工事,1
公式,1
口実,1
こうして,1
公衆,1
香水,1
功績,1
光線,1
高層,1
構造,1
交替,1
交代,1
耕地,1
交通機関,1
校庭,1
肯定,1
高度,1
高等,1
合同,1
高等学校,1
公表,1
鉱物,1
公務,1
項目,1
こうよう もみじ,1
合理,1
交流,1
合流,1
効力,1
焦がす,1
国王,1
こくせき,1
国立,1
ご苦労様,1
焦げる,1
凍える,1
心当たり,1
心得る,1
腰掛け,1
腰掛,1
腰掛ける,1
五十音,1
こしらえる,1
個体,1
ごちそうさま,1
こちらこそ,1
小遣い,1
コック,1
こっそり,1
古典,1
言付ける,1
言葉遣い,1
こないだ,1
御無沙汰,1
ゴム,1
御免,1
ごめんください,1
小指,1
娯楽,1
御覧,1
コレクション,1
転がす,1
転がる,1
紺,1
今～,1
コンクール,1
コンクリート,1
混合,1
コンセント,1
献立,1
こんばんは,1
サークル,1
再～,1
最～,1
在学,1
再三,1
祭日,1
催促,1
採点,1
災難,1
裁縫,1
材木,1
サイレン,1
逆さ,1
逆様,1
捜す,1
遡る,1
酒場,1
一昨昨日,1
先程,1
索引,1
作者,1
削除,1
作成,1
作製,1
探る,1
囁く,1
匙,1
座敷,1
差し支え,1
差し引き,1
刺身,1
流石,1
撮影,1
雑音,1
さっさと,1
早速,1
錆,1
錆びる,1
座布団,1
妨げる,1
さようなら,1
サラリーマン,1
騒がしい,1
さわやか,1
三角,1
算数,1
産地,1
サンプル,1
山林,1
シーズン,1
シーツ,1
仕上がる,1
明明後日,1
寺院,1
しいんと (する),1
自衛,1
塩辛,1
塩辛い,1
司会,1
しかく しかくい,1
四角い,1
仕方がない,1
時間割,1
敷地,1
敷く,1
茂る,1
持参,1
磁石,1
四捨五入,1
始終,1
自習,1
静まる,1
姿勢,1
自然科学,1
時速,1
子孫,1
死体,1
下書き,1
自宅,1
下町,1
自治,1
室～,1
実感,1
しつこい,1
実習,1
実績,1
執筆,1
実物,1
しっぽ,1
実用,1
実例,1
しつれいしました (かん),1
失恋,1
指定,1
私鉄,1
縛る,1
地盤,1
しびれる,1
紙幣,1
しぼむ,1
萎む,1
絞る,1
縞,1
しみじみ,1
氏名,1
締切,1
締め切り,1
締め切る,1
しめた (かん),1
しめる,1
地面,1
ジャーナリスト,1
社会科学,1
しゃがむ,1
蛇口,1
弱点,1
車庫,1
車掌,1
写生,1
社説,1
しゃっくり,1
シャッター,1
しゃぶる,1
車輪,1
洒落,1
じゃんけん,1
重～,1
集会,1
住居,1
集金,1
集合,1
習字,1
修繕,1
じゅうたん (カーペット),1
終点,1
重点,1
就任,1
周辺,1
重役,1
終了,1
重量,1
重力,1
熟語,1
祝日,1
縮小,1
受験,1
主語,1
主人,1
出勤,1
述語,1
出張,1
寿命,1
主役,1
受話器,1
循環,1
巡査,1
順々,1
順序,1
純情,1
純粋,1
初～,1
諸～,1
女～,1
省～,1
消化,1
小学生,1
しょうがない,1
将棋,1
蒸気,1
定規,1
上級,1
商業,1
消極的,1
賞金,1
上下,1
障子,1
商社,1
乗車,1
上旬,1
小数,1
生ずる,1
商店,1
焦点,1
消毒,1
勝敗,1
蒸発,1
上品,1
勝負,1
小便,1
消防署,1
正味,1
正面,1
消耗,1
初級,1
助教授,1
食塩,1
職人,1
職場,1
初旬,1
書籍,1
食器,1
ショップ,1
書店,1
書道,1
初歩,1
白髪,1
シリーズ,1
知り合い,1
私立,1
資料,1
汁,1
素人,1
しわ (かおの～),1
芯,1
新幹線,1
真空,1
人事,1
心身,1
信ずる,1
申請,1
人造,1
寝台,1
診断,1
侵入,1
人文科学,1
人命,1
深夜,1
森林,1
親類,1
針路,1
神話,1
水産,1
炊事,1
水蒸気,1
水素,1
垂直,1
推定,1
水滴,1
水筒,1
随筆,1
水分,1
水平,1
水平線,1
水面,1
水曜,1
図々しい,1
ずうっと,1
末っ子,1
スカーフ,1
図鑑,1
隙,1
杉,1
好き嫌い,1
好き好き,1
透き通る,1
隙間,1
スクール,1
少なくとも,1
図形,1
鈴,1
涼む,1
スタート,1
スチュワーデス,1
すっきり,1
ステージ,1
ストッキング,1
ストップ,1
素直,1
頭脳,1
スピーカー,1
図表,1
スマート,1
住まい,1
すまない,1
相撲,1
スライド,1
ずらす,1
ずらり,1
スリッパ,1
狡い,1
寸法,1
税関,1
製作,1
制作,1
清書,1
青少年,1
整数,1
清掃,1
生存,1
政党,1
性能,1
整備,1
成分,1
性別,1
正方形,1
正門,1
成立,1
西暦,1
背負う,1
赤道,1
折角,1
接近,1
接する,1
せっせと,1
接続,1
瀬戸物,1
ぜひとも,1
迫る,1
ゼミ,1
せめて,1
セメント,1
台詞,1
栓,1
前～,1
前後,1
全集,1
扇子,1
専制,1
先々月,1
先々週,1
先祖,1
先端,1
センチ,1
先頭,1
全般,1
扇風機,1
洗面,1
全力,1
線路,1
総～,1
相違,1
そういえば,1
雑巾,1
増減,1
倉庫,1
相互,1
創作,1
葬式,1
造船,1
騒々しい,1
増大,1
そうっと,1
送別,1
草履,1
総理大臣,1
送料,1
属する,1
続々,1
速達,1
測定,1
測量,1
速力,1
素質,1
祖先,1
そそっかしい,1
卒直,1
率直,1
そのころ,1
そのため,1
その他,1
剃る,1
それなのに,1
それなら,1
それはいけませんね (かん),1
逸れる,1
算盤,1
存じる,1
存ずる,1
損得,1
第～,1
タイア,1
だいいち (とりわけ),1
大学院,1
大工,1
体系,1
太鼓,1
対策,1
大して,1
大小,1
体制,1
体積,1
大層,1
体操,1
大木,1
代名詞,1
ダイヤグラム,1
ダイヤモンド,1
ダイヤル,1
対立,1
田植え,1
絶えず,1
楕円,1
耕す,1
滝,1
蓄える,1
竹,1
ただいま,1
但し,1
立ち止まる,1
たちまち,1
脱線,1
妥当,1
例える,1
頼もしい,1
ダブル,1
ダム,1
溜息,1
ためらう,1
だらしない,1
足る,1
短～,1
段階,1
短期,1
炭鉱,1
短所,1
たんす,1
淡水,1
断水,1
単数,1
団地,1
断定,1
短編,1
田ぼ,1
誓う,1
地下水,1
近々,1
近付ける,1
近寄る,1
力強い,1
ちぎる,1
地質,1
知人,1
地帯,1
縮む,1
縮める,1
縮れる,1
チップ,1
地点,1
地名,1
茶色い,1
着々,1
中間,1
中旬,1
抽象,1
中世,1
中性,1
中途,1
中年,1
チョーク,1
超過,1
彫刻,1
長所,1
長女,1
調整,1
調節,1
長短,1
頂点,1
長男,1
長方形,1
調味料,1
直後,1
直線,1
直前,1
直通,1
直流,1
貯蔵,1
直角,1
直径,1
散らかす,1
散らかる,1
塵紙,1
追加,1
ついで,1
つうか,1
通ずる,1
通知,1
通帳,1
通用,1
通路,1
突き当たり,1
突き当たる,1
月日,1
突っ込む,1
務める,1
努める,1
綱,1
繋がり,1
粒,1
潰す,1
潰れる,1
つまずく,1
躓く,1
詰まる,1
爪,1
艶,1
強気,1
釣り合う,1
吊る,1
吊す,1
テーマ,1
手洗い,1
低～,1
定員,1
定価,1
低下,1
定期券,1
定休日,1
停止,1
停車,1
出入り,1
出入口,1
出入り口,1
手入れ,1
出来上がり,1
出来上がる,1
的確,1
適確,1
手首,1
凸凹,1
手頃,1
手ごろ,1
弟子,1
でたらめ,1
手帳,1
鉄橋,1
手続き,1
鉄砲,1
テニスコート,1
手拭い,1
手前,1
出迎え,1
出迎える,1
照らす,1
照る,1
展開,1
伝記,1
電球,1
点数,1
伝染,1
電池,1
電柱,1
点々,1
転々,1
天皇,1
電波,1
テンポ,1
電流,1
電力,1
問い合わせ,1
銅,1
同～,1
どういたしまして (かん),1
統一,1
同格,1
峠,1
統計,1
動作,1
東西,1
当日,1
投書,1
登場,1
どうせ,1
灯台,1
盗難,1
当番,1
等分,1
透明,1
灯油,1
童話,1
通り掛かる,1
溶かす,1
尖る,1
どきどき,1
特殊,1
特色,1
特定,1
特売,1
溶け込む,1
退ける,1
床の間,1
所々,1
都心,1
戸棚,1
とっくに,1
どっと,1
整う,1
怒鳴る,1
殿,1
飛び込む,1
ともかく,1
捕える,1
取り入れる,1
取り消す,1
取り出す,1
採る,1
捕る,1
丼,1
内科,1
内線,1
ナイロン,1
仲直り,1
長引く,1
中指,1
仲良し,1
慰める,1
為す,1
謎謎,1
傾らか,1
懐かしい,1
撫でる,1
斜め,1
なにしろ,1
何しろ,1
何々,1
何分,1
生意気,1
生意気な,1
並木,1
倣う,1
南極,1
なんとなく,1
なんとも,1
何とも,1
ナンバー,1
南米,1
南北,1
匂う,1
逃がす,1
憎い,1
憎む,1
憎らしい,1
にこにこ,1
濁る,1
虹,1
日時,1
日用品,1
日課,1
日程,1
入社,1
女房,1
睨む,1
俄,1
縫う,1
ねじ,1
捩る,1
ネックレス,1
熱する,1
寝間着,1
寝巻,1
狙い,1
狙う,1
年度,1
農産物,1
農村,1
濃度,1
農薬,1
能率,1
のこぎり,1
残らず,1
上り,1
糊,1
乗換,1
乗り換え,1
乗り越し,1
のろのろ,1
呑気,1
はい (かん),1
灰色,1
俳句,1
売店,1
バイバイ,1
売買,1
這う,1
剥す,1
剥がす,1
ばからしい,1
秤,1
吐き気,1
はきはき,1
歯車,1
バケツ,1
挟まる,1
挟む,1
梯子,1
始めに,1
初めに,1
はじめまして,1
斜,1
パターン,1
肌着,1
果して,1
果たして,1
鉢,1
発,1
×,1
発揮,1
バック,1
発想,1
発電,1
発売,1
話合い,1
話し合い,1
話し掛ける,1
話中,1
甚だしい,1
花火,1
花嫁,1
ばね,1
跳ねる,1
破片,1
歯磨き,1
はめる,1
早口,1
払い込む,1
払い戻す,1
針金,1
張り切る,1
反～,1
反映,1
半径,1
判子,1
万歳,1
判事,1
番地,1
パンツ,1
バンド,1
半島,1
ハンドル,1
非～,1
日当たり,1
日帰り,1
比較的,1
日陰,1
ぴかぴか,1
引受る,1
引き返す,1
引算,1
引き出す,1
引き止める,1
卑怯,1
引分け,1
引き分け,1
陽射,1
日差し,1
肘,1
ピストル,1
ビタミン,1
ぴたり,1
引っ掛かる,1
筆記,1
引っ繰り返す,1
引っ繰り返る,1
引っ越し,1
引っ込む,1
筆者,1
必需品,1
一～,1
人差指,1
一通り,1
人通り,1
ひとまず,1
瞳,1
一休み,1
独り言,1
ひとりでに,1
ビニール,1
皮肉,1
日日,1
日にち,1
捻る,1
日の入り,1
日の出,1
響き,1
響く,1
皮膚,1
ひゃっかじてん,1
百科事典,1
美容,1
表紙,1
標識,1
標準,1
標本,1
評論,1
ビルディング,1
昼寝,1
広さ,1
広場,1
広々,1
ピンク,1
便箋,1
瓶詰,1
ファスナー,1
風船,1
不運,1
不規則,1
普及,1
付近,1
副～,1
副詞,1
複写,1
複数,1
ふくめる,1
膨らます,1
膨らむ,1
不潔,1
更ける,1
符号,1
夫妻,1
塞がる,1
塞ぐ,1
ふざける,1
無沙汰,1
武士,1
部首,1
襖,1
附属,1
付属,1
蓋,1
物騒,1
ぶつぶつ,1
船便,1
部品,1
吹雪,1
父母,1
踏切,1
麓,1
フライパン,1
ブラウス,1
ぶらさげる,1
ブラシ,1
プラットホーム,1
フリー,1
振り仮名,1
振り向く,1
プリント,1
古～,1
古里,1
振舞う,1
ブローチ,1
プログラム,1
風呂敷,1
ふわふわ,1
噴火,1
分解,1
文芸,1
文献,1
噴水,1
分数,1
文体,1
分布,1
文房具,1
文脈,1
分量,1
分類,1
閉会,1
平気,1
並行,1
平日,1
兵隊,1
平凡,1
平野,1
凹む,1
へそ,1
隔てる,1
別荘,1
別々,1
ベテラン,1
ヘリコプター,1
編集,1
便所,1
ペンチ,1
ボーナス,1
防～,1
望遠鏡,1
方角,1
箒,1
方言,1
坊さん,1
防止,1
方針,1
法則,1
包帯,1
膨大,1
包丁,1
方程式,1
防犯,1
方面,1
坊や,1
放る,1
朗らか,1
朗らか(な),1
牧場,1
牧畜,1
保健,1
募集,1
干す,1
ポスター,1
北極,1
坊っちゃん,1
掘る,1
彫る,1
ぼろ,1
盆,1
盆地,1
ほんの～,1
本部,1
本来,1
まあまあ,1
毎～,1
枚数,1
毎度,1
まく,1
枕,1
曲げる,1
まごまご,1
摩擦,1
まざる,1
まじる,1
マスク,1
まぜる,1
またぐ,1
跨ぐ,1
待合室,1
待ち合わせる,1
街角,1
真っ暗,1
真っ黒,1
真っ青,1
真っ先,1
真っ白,1
祭る,1
窓口,1
真似る,1
まぶた,1
マフラー,1
間も無く,1
間もなく,1
マラソン,1
稀,1
回り道,1
満員,1
マンション,1
満点,1
未～,1
見上げる,1
見送る,1
見下ろす,1
見掛け,1
三日月,1
岬,1
みじめ,1
惨めな,1
ミシン,1
自ら,1
水着,1
店屋,1
見出し,1
道順,1
みっともない,1
見詰める,1
見直す,1
見慣れる,1
醜い,1
実る,1
身分,1
見本,1
見舞う,1
未満,1
名字,1
ミリ (メートル),1
民間,1
民主～,1
民謡,1
無限,1
無地,1
矛盾,1
無数,1
紫,1
群れ,1
姪,1
名～,1
名作,1
名所,1
迷信,1
命ずる,1
名物,1
銘々,1
恵まれる,1
巡る,1
目指す,1
目覚し,1
目印,1
目立つ,1
めちゃくちゃ,1
めっきり,1
めでたい,1
メニュー,1
めまい,1
目安,1
免税,1
面積,1
面倒臭い,1
モーター,1
儲かる,1
儲ける,1
申し訳ない,1
木材,1
目次,1
潜る,1
もしかしたら,1
もたれる,1
凭れる,1
モダン,1
餅,1
モデル,1
元々,1
物置,1
物語る,1
物差し,1
物凄い,1
モノレール,1
揉む,1
もやす,1
催し,1
盛る,1
問答,1
やかましい,1
喧しい,1
夜間,1
役者,1
役所,1
役人,1
薬品,1
役目,1
火傷,1
夜行,1
矢印,1
やたらに,1
薬局,1
やっつける,1
やっぱり,1
家主,1
破く,1
やむをえない,1
軟らかい,1
遊園地,1
夕刊,1
郵送,1
夕立,1
夕日,1
悠々,1
有料,1
浴衣,1
行方,1
湯気,1
輸血,1
輸送,1
油断,1
湯飲み,1
湯飲,1
緩い,1
溶岩,1
用語,1
要旨,1
幼児,1
容積,1
幼稚,1
幼稚園,1
用途,1
洋品店,1
養分,1
羊毛,1
漸く,1
要領,1
翌～,1
欲張り,1
余計,1
よこす,1
よごす,1
余所,1
四つ角,1
酔っ払い,1
予備,1
呼び掛ける,1
呼び出す,1
蘇る,1
慶ぶ,1
来日,1
落第,1
ラッシュアワー,1
欄,1
ランチ,1
ランニング,1
乱暴,1
理科,1
利害,1
リズム,1
リットル,1
リポート,1
リボン,1
略す,1
流域,1
両～,1
両側,1
漁師,1
領事,1
領収,1
臨時,1
留守番,1
零点,1
冷凍,1
レインコート,1
レクリェーション,1
レジャー,1
列島,1
煉瓦,1
連合,1
レンズ,1
ローマ字,1
ろうそく,1
録音,1
ロッカー,1
ロビー,1
論ずる,1
和～,1
和英,1
我～,1
若々しい,1
詫びる,1
和服,1
割合に,1
割算,1
割と,1
割引,1
ワンピース,1
作法,1
様々,1
冷ます,1
覚ます,1
冷める,1
覚める,1
左右,1
皿,1
更に,1
去る,1
猿,1
騒ぎ,1
参加,1
参考,1
賛成,1
酸素,1
氏,1
詩,1
幸せ,1
ジーンズ,1
ジェット機,1
四角,1
直に,1
しかも,1
直,1
時期,1
支給,1
至急,1
しきりに,1
刺激,1
資源,1
事件,1
時刻,1
自殺,1
事実,1
支出,1
事情,1
詩人,1
自身,1
沈む,1
自然,1
思想,1
舌,1
次第,1
従う,1
したがって,1
親しい,1
質,1
失業,1
実験,1
実現,1
実行,1
実際,1
実施,1
じっと,1
実に,1
実は,1
失望,1
支店,1
指導,1
自動,1
支配,1
芝居,1
しばしば,1
芝生,1
支払,1
支払う,1
死亡,1
資本,1
姉妹,1
しまった (かん),1
自慢,1
示す,1
占める,1
湿る,1
霜,1
借金,1
しゃべる,1
週,1
州,1
銃,1
周囲,1
収穫,1
宗教,1
重視,1
就職,1
ジュース,1
修正,1
渋滞,1
重大,1
住宅,1
集団,1
集中,1
収入,1
住民,1
重要,1
修理,1
主義,1
宿泊,1
手術,1
首相,1
手段,1
主張,1
出場,1
出身,1
出版,1
首都,1
主婦,1
主要,1
需要,1
種類,1
順,1
瞬間,1
順調,1
順番,1
使用,1
小,1
章,1
賞,1
障害,1
奨学金,1
乗客,1
上京,1
状況,1
条件,1
正午,1
正直,1
常識,1
少女,1
少々,1
症状,1
生じる,1
状態,1
上達,1
冗談,1
上等,1
衝突,1
商人,1
承認,1
少年,1
商売,1
消費,1
商品,1
消防,1
情報,1
証明,1
女王,1
職,1
職業,1
食卓,1
食品,1
植物,1
食物,1
食欲,1
食料,1
食糧,1
書斎,1
女子,1
助手,1
徐々に,1
署名,1
書物,1
女優,1
処理,1
書類,1
知らせ,1
尻,1
知合い,1
印,1
城,1
進学,1
神経,1
真剣,1
信仰,1
信号,1
人工,1
深刻,1
診察,1
人種,1
信じる,1
人生,1
親戚,1
新鮮,1
心臓,1
身体,1
身長,1
慎重,1
審判,1
人物,1
進歩,1
親友,1
信用,1
信頼,1
心理,1
人類,1
巣,1
図,1
水準,1
推薦,1
スイッチ,1
睡眠,1
数字,1
スープ,1
姿,1
スキー,1
救う,1
すくなくとも,1
優れる,1
スケート,1
スケジュール,1
少しも,1
過ごす,1
筋,1
進める,1
勧める,1
スター,1
スタイル,1
スタンド,1
頭痛,1
ずっと,1
すっぱい,1
すてき,1
既に,1
すなわち,1
スピーチ,1
全て,1
済ませる,1
墨,1
すみません (かん),1
澄む,1
清む,1
刷る,1
鋭い,1
すれ違う,1
ずれる,1
正,1
性,1
所為,1
税,1
性格,1
正確,1
世紀,1
請求,1
税金,1
清潔,1
制限,1
成功,1
正式,1
精神,1
成人,1
精々,1
成績,1
製造,1
贅沢,1
成長,1
制度,1
青年,1
製品,1
政府,1
生物,1
生命,1
整理,1
咳,1
石炭,1
責任,1
石油,1
世間,1
説,1
積極的,1
設計,1
絶対,1
セット,1
愛,1
愛情,1
合図,1
アイスクリーム,1
愛する,1
相手,1
あいにく,1
遭う,1
アウト,1
明かり,1
空き,1
明らか,1
諦める,1
飽きる,1
握手,1
悪魔,1
明ける,1
揚げる,1
挙げる,1
預ける,1
汗,1
与える,1
温かい,1
暖まる,1
暖める,1
温める,1
辺り,1
当たる,1
あちこち,1
扱う,1
集まり,1
当てる,1
跡,1
穴,1
油,1
誤り,1
粗,1
嵐,1
新た,1
あらゆる,1
表す,1
現す,1
著す,1
現れ,1
現れる,1
ありがとう,1
在る; 有る,1
或,1
あるいは,1
アルバム,1
泡,1
合わせる,1
哀れ,1
案,1
暗記,1
安定,1
あんなに,1
あんまり,1
胃,1
委員,1
意外,1
息,1
勢い,1
生き物,1
いけない,1
医師,1
意思,1
意志,1
維持,1
意識,1
異常,1
意地悪,1
泉,1
いずれ,1
以前,1
板,1
偉大,1
いたずら,1
いただきます,1
痛み,1
至る,1
位置,1
一時,1
一度に,1
いつか,1
一家,1
一種,1
一瞬,1
一生,1
一層,1
一体,1
一致,1
いつでも,1
いつのまにか,1
一般,1
一方,1
いつまでも,1
移動,1
従兄弟,1
従姉妹,1
稲,1
居眠り,1
命,1
違反,1
衣服,1
居間,1
今に,1
今にも,1
イメージ,1
否,1
以来,1
依頼,1
いらいら,1
いらっしゃい,1
医療,1
岩,1
祝い,1
祝う,1
言わば,1
いわゆる,1
インク,1
印刷,1
印象,1
引退,1
インタビュー,1
引用,1
ウイスキー,1
うがい,1
受け取る,1
動かす,1
兎,1
牛,1
失う,1
疑う,1
宇宙,1
討つ,1
撃つ,1
うっかり,1
映す,1
訴える,1
映る,1
うなる,1
奪う,1
馬,1
生まれ,1
梅,1
裏切る,1
羨ましい,1
売れる,1
噂,1
運,1
永遠,1
永久,1
影響,1
営業,1
衛星,1
栄養,1
笑顔,1
餌,1
エネルギー,1
延期,1
演技,1
援助,1
エンジン,1
演説,1
演奏,1
老い,1
追い付く,1
王,1
追う,1
王様,1
王子,1
応じる,1
横断,1
終える,1
大いに,1
覆う,1
丘,1
沖,1
奥,1
贈る,1
起こる,1
押える,1
幼い,1
収める,1
納める,1
治める,1
お辞儀,1
お洒落,1
お喋り,1
汚染,1
恐らく,1
恐れる,1
恐ろしい,1
教わる,1
お互い,1
穏やか,1
男の人,1
大人しい,1
劣る,1
鬼,1
帯,1
お昼,1
オフィス,1
溺れる,1
お前,1
おめでとう,1
お目に掛かる,1
思い付く,1
思い出,1
主に,1
思わず,1
泳ぎ,1
およそ,1
及ぼす,1
下す,1
降ろす,1
卸す,1
恩,1
温暖,1
温度,1
可,1
課,1
カー,1
カード,1
害,1
会員,1
絵画,1
海外,1
会計,1
解決,1
会合,1
外交,1
開始,1
解釈,1
外出,1
改善,1
快適,1
回復,1
飼う,1
帰す,1
代える,1
替える,1
換える,1
香り,1
画家,1
抱える,1
価格,1
化学,1
輝く,1
係,1
罹る,1
限る,1
掻く,1
嗅ぐ,1
家具,1
学,1
覚悟,1
確実,1
学者,1
学習,1
隠す,1
拡大,1
確認,1
学問,1
隠れる,1
影,1
陰,1
欠ける,1
加減,1
過去,1
籠,1
囲む,1
火災,1
重なる,1
貸し,1
菓子,1
家事,1
賢い,1
歌手,1
稼ぐ,1
数える,1
型,1
肩,1
堅い,1
硬い,1
片付く,1
刀,1
語る,1
勝ち,1
価値,1
がっかり,1
活気,1
学期,1
活動,1
活用,1
仮定,1
過程,1
悲しむ,1
必ずしも,1
かなり,1
可能,1
株,1
被る,1
我慢,1
神,1
雷,1
髪の毛,1
科目,1
かもしれない,1
かゆい,1
刈る,1
河,1
皮,1
革,1
可愛そう,1
可愛らしい,1
渇く,1
代る,1
缶,1
勘,1
考え,1
感覚,1
観客,1
環境,1
歓迎,1
観光,1
観察,1
感じ,1
感謝,1
患者,1
勘定,1
感情,1
感じる,1
感心,1
関心,1
関する,1
完成,1
完全,1
感動,1
監督,1
管理,1
完了,1
関連,1
議員,1
記憶,1
気温,1
機械,1
器械,1
議会,1
期間,1
機関,1
企業,1
効く,1
機嫌,1
気候,1
岸,1
生地,1
記事,1
技師,1
記者,1
傷,1
期待,1
気体,1
帰宅,1
貴重,1
議長,1
きちんと,1
きつい,1
気付く,1
気に入る,1
記入,1
記念,1
機能,1
気の毒,1
寄付,1
希望,1
基本,1
決まり,1
気味,1
奇妙,1
義務,1
疑問,1
逆,1
キャプテン,1
キャンプ,1
旧,1
級,1
休暇,1
休憩,1
急激,1
吸収,1
救助,1
急速,1
急に,1
給料,1
器用,1
教科書,1
競技,1
行儀,1
供給,1
教授,1
強調,1
共通,1
共同,1
恐怖,1
協力,1
強力,1
許可,1
局,1
巨大,1
嫌う,1
霧,1
切れ,1
切れる,1
記録,1
議論,1
銀,1
禁煙,1
金額,1
金庫,1
禁止,1
金銭,1
金属,1
近代,1
緊張,1
筋肉,1
金融,1
句,1
食う,1
偶然,1
臭い,1
鎖,1
腐る,1
癖,1
具体,1
下り,1
苦痛,1
ぐっすり,1
区別,1
組,1
組合,1
組む,1
汲む,1
酌む,1
悔しい,1
位,1
暮らし,1
クラシック,1
暮らす,1
グラス,1
グランド,1
クリーム,1
繰り返す,1
クリスマス,1
狂う,1
グループ,1
苦しい,1
苦しむ,1
暮れ,1
苦労,1
加える,1
咥える,1
詳しい,1
加わる,1
訓,1
軍,1
軍隊,1
訓練,1
計,1
敬意,1
経営,1
景気,1
傾向,1
警告,1
計算,1
掲示,1
刑事,1
芸術,1
契約,1
経由,1
ケース,1
ゲーム,1
劇,1
劇場,1
化粧,1
けち,1
血液,1
結果,1
欠陥,1
結局,1
決心,1
欠席,1
決定,1
欠点,1
結論,1
煙,1
蹴る,1
券,1
県,1
見解,1
限界,1
現金,1
言語,1
健康,1
検査,1
現在,1
現実,1
現象,1
現状,1
建設,1
現代,1
建築,1
見当,1
検討,1
現場,1
憲法,1
権利,1
恋,1
濃い,1
恋人,1
幸運,1
講演,1
効果,1
硬貨,1
高価,1
豪華,1
合格,1
交換,1
航空,1
光景,1
合計,1
攻撃,1
貢献,1
広告,1
交際,1
後者,1
構成,1
高速,1
行動,1
強盗,1
後輩,1
幸福,1
公平,1
候補,1
考慮,1
越える,1
超える,1
コーチ,1
コード,1
氷,1
凍る,1
ゴール,1
誤解,1
語学,1
呼吸,1
極,1
国語,1
国籍,1
黒板,1
克服,1
国民,1
穀物,1
腰,1
胡椒,1
個人,1
越す,1
超す,1
国家,1
国会,1
国境,1
骨折,1
小包,1
異なる,1
諺,1
断る,1
粉,1
好み,1
好む,1
こぼす,1
こぼれる,1
小麦,1
ごめんなさい,1
小屋,1
これら,1
殺す,1
転ぶ,1
今回,1
今後,1
混雑,1
こんなに,1
困難,1
こんにちは,1
婚約,1
混乱,1
差,1
サービス,1
際,1
最高,1
財産,1
最終,1
最低,1
才能,1
裁判,1
材料,1
幸い,1
サイン,1
境,1
逆らう,1
盛り,1
作業,1
裂く,1
昨,1
作品,1
作物,1
桜,1
酒,1
叫ぶ,1
支える,1
指す,1
挿す,1
注す,1
射す,1
座席,1
誘う,1
作家,1
作曲,1
ざっと,1
さっぱり,1
さて,1
砂漠,1
差別,1
ママ,1
豆,1
守る,1
迷う,1
丸,1
まるで,1
万一,1
満足,1
身,1
見送り,1
味方,1
見事,1
ミス,1
満ちる,1
密,1
認める,1
見舞い,1
土産,1
妙,1
未来,1
魅力,1
ミルク,1
向かい,1
迎え,1
向く,1
剥く,1
向ける,1
無視,1
虫歯,1
寧ろ,1
結ぶ,1
無駄,1
夢中,1
胸,1
無料,1
芽,1
明確,1
命じる,1
名人,1
命令,1
迷惑,1
目上,1
飯,1
滅多に,1
メモ,1
面,1
免許,1
面倒,1
メンバー,1
申し込む,1
申し訳,1
毛布,1
燃える,1
目的,1
目標,1
もしかすると,1
もしも,1
持ち上げる,1
用いる,1
もったいない,1
尤も,1
元,1
基,1
素,1
戻す,1
基づく,1
求める,1
者,1
物音,1
物語,1
物事,1
燃やす,1
模様,1
文句,1
やがて,1
役,1
約,1
訳す,1
役割,1
家賃,1
厄介,1
宿,1
雇う,1
屋根,1
破る,1
破れる,1
辞める,1
やや,1
唯一,1
勇気,1
有効,1
優秀,1
優勝,1
友情,1
友人,1
有能,1
郵便,1
ユーモア,1
有利,1
床,1
愉快,1
譲る,1
豊か,1
茹でる,1
許す,1
夜明け,1
酔う,1
容易,1
陽気,1
要求,1
用心,1
様子,1
要するに,1
要素,1
要点,1
曜日,1
ヨーロッパ,1
予期,1
横切る,1
汚す,1
予算,1
止す,1
予測,1
ヨット,1
夜中,1
世の中,1
余分,1
予報,1
予防,1
読み,1
嫁,1
余裕,1
より,1
因る,1
喜び,1
よろしく (かん),1
来,1
ライター,1
楽,1
ラケット,1
利益,1
理解,1
陸,1
利口,1
離婚,1
理想,1
率,1
留学,1
流行,1
量,1
両替,1
料金,1
例,1
礼,1
礼儀,1
冷静,1
列,1
列車,1
レベル,1
連想,1
連続,1
老人,1
労働,1
ロケット,1
論じる,1
論争,1
論文,1
輪,1
ワイン,1
わがまま,1
別れ,1
脇,1
湧く,1
分ける,1
わざと,1
僅か,1
話題,1
笑い,1
割る,1
悪口,1
我々,1
湾,1
椀,1
碗,1
悪,1
当り,1
アップ,1
宛てる,1
アンケート,1
異,1
意,1
医院,1
怒り,1
意地,1
依然,1
傷める,1
炒める,1
一帯,1
異動,1
衣料,1
渦,1
埋まる,1
産む,1
尾,1
負う,1
遅れ,1
教え,1
驚き,1
織る,1
欠く,1
核,1
格,1
学歴,1
駆ける,1
賭ける,1
課題,1
片付け,1
加味,1
借り,1
狩り,1
～観,1
癌,1
刊行,1
慣行,1
歓声,1
官僚,1
器官,1
季刊,1
起源,1
機構,1
築く,1
規制,1
丘陵,1
協議,1
享受,1
協調,1
切り,1
菌,1
近視,1
苦,1
群,1
刑,1
経緯,1
計器,1
契機,1
携帯,1
形態,1
血管,1
決行,1
件,1
減少,1
公演,1
後悔,1
航海,1
拘束,1
荒廃,1
降伏,1
興奮,1
語句,1
個々,1
故人,1
小銭,1
ことによると,1
コンテスト,1
採集,1
作,1
策,1
設備,1
絶滅,1
節約,1
責める,1
善,1
全,1
全員,1
専攻,1
全国,1
先日,1
前者,1
選手,1
前進,1
センター,1
全体,1
選択,1
象,1
騒音,1
増加,1
操作,1
想像,1
相続,1
装置,1
相当,1
速度,1
底,1
そこで,1
組織,1
そして,1
育つ,1
そっくり,1
そっと,1
袖,1
備える,1
具える,1
そのうえ,1
そのうち,1
そのまま,1
蕎麦,1
ソファー,1
粗末,1
それぞれ,1
それでも,1
それと,1
それとも,1
揃う,1
損,1
損害,1
尊敬,1
存在,1
尊重,1
田,1
大,1
題,1
体育,1
体温,1
大会,1
大気,1
代金,1
退屈,1
滞在,1
大使,1
大した,1
体重,1
対象,1
大臣,1
対する,1
大戦,1
態度,1
大統領,1
大半,1
代表,1
大部分,1
タイプライター,1
逮捕,1
ダイヤ,1
太陽,1
平ら,1
代理,1
大陸,1
倒す,1
タオル,1
だが,1
互い,1
宝,1
宅,1
炊く,1
焚く,1
だけど,1
たしか,1
確かめる,1
多少,1
助かる,1
助ける,1
ただ,1
只,1
戦い,1
戦う,1
直ちに,1
立ち上がる,1
立場,1
経つ,1
達する,1
だって,1
たっぷり,1
たとえ,1
谷,1
他人,1
束,1
度,1
旅,1
たびたび,1
玉,1
弾,1
偶,1
騙す,1
偶々,1
たまらない,1
溜まる,1
黙る,1
試し,1
試す,1
溜める,1
便り,1
頼る,1
段,1
単位,1
単語,1
男子,1
単純,1
誕生,1
ダンス,1
団体,1
担当,1
単なる,1
単に,1
地,1
地位,1
地域,1
チーズ,1
チーム,1
知恵,1
地下,1
違い,1
違いない,1
近頃,1
地球,1
地区,1
遅刻,1
知事,1
知識,1
父親,1
知能,1
地平線,1
地方,1
茶,1
チャンス,1
ちゃんと,1
注,1
中央,1
中学,1
中古,1
中止,1
駐車,1
昼食,1
中心,1
注目,1
注文,1
長期,1
調査,1
調子,1
頂上,1
ちょうだい,1
貯金,1
直接,1
著者,1
散らす,1
散る,1
遂に,1
通過,1
通貨,1
通学,1
通行,1
通じる,1
通信,1
捕まる,1
掴む,1
疲れ,1
付き合い,1
付合う,1
次々,1
付く,1
就く,1
付ける,1
着ける,1
土,1
続き,1
包み,1
勤め,1
務め,1
繋ぐ,1
繋げる,1
常に,1
翼,1
つまり,1
罪,1
詰める,1
積もる,1
釣,1
連れ,1
出,1
出会い,1
出合い,1
出会う,1
提案,1
定期,1
抵抗,1
提出,1
程度,1
停留所,1
デート,1
敵,1
出来事,1
適する,1
適切,1
適度,1
適用,1
できれば,1
手品,1
ですから,1
鉄,1
哲学,1
手伝い,1
徹底,1
鉄道,1
徹夜,1
手間,1
デモ,1
典型,1
天候,1
電子,1
テント,1
伝統,1
天然,1
問い,1
党,1
塔,1
答案,1
同一,1
銅貨,1
当時,1
動詞,1
同時,1
どうしても,1
どうぞよろしく,1
到着,1
道徳,1
投票,1
同様,1
童謡,1
同僚,1
道路,1
通す,1
通り過ぎる,1
都会,1
溶く,1
退く,1
毒,1
得意,1
読書,1
独身,1
特徴,1
特長,1
独特,1
独立,1
どこか,1
ところが,1
ところで,1
登山,1
都市,1
図書,1
年寄,1
閉じる,1
途端,1
土地,1
突然,1
トップ,1
届く,1
とにかく,1
飛ばす,1
飛び出す,1
留める,1
友,1
共に,1
虎,1
ドライブ,1
トラック,1
ドラマ,1
トランプ,1
取り上げる,1
努力,1
トレーニング,1
ドレス,1
取れる,1
泥,1
トン,1
とんでもない,1
どんなに,1
トンネル,1
名,1
内容,1
なお,1
仲,1
流す,1
半ば,1
仲間,1
中味,1
眺め,1
眺める,1
流れ,1
流れる,1
亡くす,1
無し,1
なぜなら,1
謎,1
納得,1
何か,1
なにも,1
鍋,1
怠ける,1
波,1
涙,1
悩む,1
鳴らす,1
馴れる,1
縄,1
何で,1
何でも,1
何とか,1
似合う,1
煮える,1
苦手,1
握る,1
日常,1
日光,1
日中,1
にっこり,1
入場,1
人間,1
抜く,1
抜ける,1
布,1
濡らす,1
根,1
願い,1
願う,1
鼠,1
熱帯,1
熱中,1
年間,1
年中,1
年代,1
年齢,1
野,1
能,1
農家,1
農業,1
農民,1
能力,1
ノー,1
軒,1
残す,1
残り,1
乗せる,1
載せる,1
覗く,1
除く,1
望み,1
望む,1
ノック,1
伸ばす,1
延ばす,1
伸びる,1
延びる,1
述べる,1
上る,1
昇る,1
載る,1
のんびり,1
場,1
はあ (かん),1
パーセント,1
灰,1
バイオリン,1
ハイキング,1
配達,1
パイプ,1
俳優,1
パイロット,1
生える,1
墓,1
馬鹿,1
博士,1
計る,1
量る,1
測る,1
吐く,1
拍手,1
莫大,1
爆発,1
博物館,1
激しい,1
はさみ,1
破産,1
端,1
始まり,1
パス,1
外す,1
パスポート,1
旗,1
肌,1
裸,1
畑,1
働き,1
バッグ,1
発見,1
発行,1
発車,1
発射,1
罰する,1
発達,1
ばったり,1
発展,1
発表,1
発明,1
話し合う,1
離す,1
放す,1
離れる,1
放れる,1
羽,1
羽根,1
幅,1
母親,1
省く,1
場面,1
流行る,1
腹,1
原,1
バランス,1
針,1
範囲,1
反抗,1
犯罪,1
ハンサム,1
判断,1
犯人,1
販売,1
灯,1
ビール,1
被害,1
比較,1
ピクニック,1
悲劇,1
飛行,1
膝,1
非常,1
美人,1
日付,1
引越し,1
必死,1
ぴったり,1
引っ張る,1
否定,1
ビデオ,1
一言,1
人込み,1
等しい,1
独り,1
一人一人,1
批判,1
批評,1
秘密,1
微妙,1
紐,1
費用,1
秒,1
評価,1
表現,1
表情,1
平等,1
評判,1
表面,1
広がる,1
広める,1
瓶,1
便,1
ピン,1
不安,1
風景,1
夫婦,1
笛,1
不可,1
武器,1
拭く,1
服装,1
含む,1
含める,1
袋,1
不幸,1
無事,1
不思議,1
不自由,1
夫人,1
婦人,1
不正,1
防ぐ,1
不足,1
舞台,1
双子,1
再び,1
普段,1
物価,1
ぶつかる,1
ぶつける,1
物質,1
物理,1
筆,1
ふと,1
部分,1
不平,1
不満,1
増やす,1
殖やす,1
プラス,1
プラスチック,1
プラン,1
不利,1
振る,1
震える,1
ブレーキ,1
触れる,1
プロ,1
文,1
雰囲気,1
分析,1
文明,1
分野,1
塀,1
平均,1
平和,1
別に,1
減らす,1
減る,1
ベルト,1
変化,1
ペンキ,1
変更,1
ベンチ,1
弁当,1
法,1
棒,1
冒険,1
方向,1
報告,1
宝石,1
豊富,1
方法,1
訪問,1
吠える,1
ボーイ,1
ボート,1
ホーム,1
ボール,1
誇り,1
埃,1
保証,1
保存,1
歩道,1
仏,1
骨,1
炎,1
ほぼ,1
微笑む,1
堀,1
濠,1
本人,1
本物,1
ぼんやり,1
まあ,1
マーケット,1
マイク,1
迷子,1
マイナス,1
任せる,1
巻く,1
蒔く,1
撒く,1
幕,1
負け,1
孫,1
まさか,1
まさに,1
混ざる,1
交ざる,1
混じる,1
交じる,1
増す,1
貧しい,1
マスター,1
ますます,1
混ぜる,1
交ぜる,1
街,1
間違い,1
松,1
真っ赤,1
全く,1
祭,1
まとまる,1
まとめる,1
学ぶ,1
真似,1
招く,1
まぶしい,1
柵,1
裂ける,1
裁く,1
酸化,1
死,1
資格,1
視覚,1
指揮,1
磁気,1
磁器,1
自己,1
字体,1
辞退,1
視点,1
脂肪,1
志望,1
衆,1
住,1
修飾,1
私用,1
仕様,1
情,1
生涯,1
上司,1
正体,1
照明,1
女史,1
助詞,1
ショック,1
進行,1
新興,1
振興,1
申告,1
真理,1
水洗,1
ストレス,1
正規,1
精巧,1
精算,1
成年,1
声明,1
姓名,1
生理,1
膳,1
禅,1
選挙,1
先行,1
選考,1
相,1
沿う,1
添う,1
僧,1
像,1
捜査,1
操縦,1
創造,1
隊,1
退学,1
タイトル,1
ダウン,1
高まる,1
断つ,1
盾,1
例え,1
チャイム,1
挑戦,1
治療,1
接ぐ,1
継ぐ,1
摘む,1
露,1
強まる,1
強める,1
データ,1
デザイン,1
デザート,1
転校,1
伝言,1
と,1
問う,1
棟,1
倒産,1
同士,1
同志,1
当然,1
動揺,1
説く,1
綴じる,1
供,1
並,1
慣らす,1
馴らす,1
難,1
年鑑,1
脳,1
臨む,1
肺,1
～敗,1
映える,1
諮る,1
図る,1
生やす,1
班,1
判,1
版,1
碑,1
非行,1
票,1
広まる,1
深める,1
福,1
振り,1
経る,1
保護,1
保障,1
補償,1
ほっと,1
前もって,1
膜,1
マスコミ,1
マッサージ,1
見掛ける,1
捲る,1
メッセージ,1
野党,1
優,1
有機,1
世,1
良い,1
予想,1
弱まる,1
弱める,1
ラベル,1
ルール,1
枠,1
表示,1
踏む,1
～区,1
すっと,1
盗む,1
大抵,1
とうとう,1
ガソリン,1
鳴る,1
しっかり,1
生きる,1
苦い,1
沸く,1
意見,1
やはり; やっぱり,1
漫画,1
ステレオ,1
医学,1
テキスト,1
折る,1
～会,1
うかがう,1
聞こえる,1
僕,1
必ず,1
壊す,1
怒る,1
床屋,1
オートバイ,1
運動,1
止む,1
もし,1
大学生,1
運転手,1
予習,1
心配,1
別,1
非常に,1
お宅,1
柔らかい,1
拾う,1
～ございます,1
気,1
比べる,1
ほとんど,1
つもり,1
郊外,1
だめ,1
売り場,1
正月,1
規則,1
うん,1
発音,1
焼く,1
屋上,1
失礼,1
ごみ,1
アフリカ,1
点,1
一生懸命,1
今度,1
機会,1
建てる,1
複雑,1
彼,1
いらっしゃる,1
布団,1
大事,1
贈り物,1
泥棒,1
～製,1
注意,1
台風,1
～軒,1
そう,1
通る,1
過ぎる,1
レポート; リポート,1
葉,1
必要,1
課長,1
地震,1
すると,1
ガラス,1
～学部,1
厳しい,1
エスカレーター,1
人口,1
月,1
絹,1
ちっとも,1
深い,1
壊れる,1
揺れる,1
落る,1
できるだけ,1
悲しい,1
中学校,1
ガス,1
祈る,1
盛ん,1
アルバイト,1
起こす,1
致す,1
噛む,1
赤ちゃん,1
浅い,1
嘘,1
小説,1
親,1
それに,1
西洋,1
思う,1
パート (タイム),1
時代,1
申し上げる,1
～式,1
出席,1
迎える,1
触る,1
建て,1
社長,1
動物園,1
捕まえる,1
季節,1
寄る,1
決まる,1
逃げる,1
だから,1
残念,1
畳,1
丁寧,1
地理,1
さっき,1
怖い,1
包む,1
なるべく,1
無理,1
サンドイッチ,1
会議室,1
品物,1
人形,1
利用,1
飾る,1
恥ずかしい,1
いくら～ても,1
用事,1
ビル,1
けんかする,1
頑張る,1
投げる,1
故障,1
力,1
受ける,1
気分,1
間違える,1
そんな,1
星,1
場合,1
やっと,1
足りる,1
行う,1
ぶどう,1
無くなる,1
準備,1
世界,1
住所,1
再来月,1
林,1
倍,1
痩せる,1
線,1
戦争,1
決める,1
調べる,1
寝坊,1
パパ,1
光る,1
夫,1
雲,1
坂,1
～(て) しまう,1
飛行場,1
柔道,1
決して,1
事務所,1
連絡,1
小学校,1
客,1
昔,1
美しい,1
捨てる,1
なさる,1
事,1
どんどん,1
試合,1
適当,1
素晴らしい,1
美術館,1
文法,1
終わり,1
壁,1
一度,1
お礼,1
親切,1
知らせる,1
歯医者,1
熱心,1
始める,1
もらう,1
泣く,1
治る,1
熱,1
お祭り,1
水道,1
匂い,1
ベル,1
赤ん坊,1
おかしい,1
事故,1
変,1
辞典,1
残る,1
立てる,1
くれる,1
～員,1
原因,1
驚く,1
いただく,1
祖母,1
場所,1
答,1
もちろん,1
漬ける,1
受付,1
内,1
スクリーン,1
増える,1
または,1
けがする,1
以下,1
選ぶ,1
～ばかり,1
心,1
～だす,1
サラダ,1
届ける,1
挨拶,1
景色,1
確か,1
ステーキ,1
食料品,1
森,1
以内,1
予定,1
オーバー,1
乾く,1
石,1
思い出す,1
踊る,1
細かい,1
塗る,1
ご主人,1
珍しい,1
用,1
公務員,1
お嬢さん,1
用意,1
探す,1
形,1
すっかり,1
アナウンサー,1
お土産,1
消しゴム,1
旅館,1
海岸,1
寂しい,1
火,1
育てる,1
味噌,1
お祝い,1
乗り物,1
案内,1
通う,1
連れる,1
技術,1
小鳥,1
下宿,1
ジャム,1
招待,1
鏡,1
はず,1
法律,1
進む,1
楽む,1
貿易,1
反対,1
おる,1
申す,1
試験,1
真面目,1
ごらんになる,1
店員,1
泊まる,1
よろしい,1
今夜,1
おつり,1
チェックする,1
会話,1
空気,1
交通,1
ワープロ,1
喜ぶ,1
急行,1
皆,1
味,1
空港,1
手袋,1
校長,1
ごちそう,1
踊り,1
興味,1
引っ越す,1
冷房,1
都合,1
遠慮,1
亡くなる,1
科学,1
はっきり,1
差し上げる,1
気持ち,1
祖父,1
港,1
予約,1
凄い,1
入学,1
片付ける,1
写す,1
パソコン,1
部長,1
火事,1
足す,1
教会,1
彼ら,1
一杯,1
アメリカ,1
男性,1
理由,1
生産,1
着物,1
おもちゃ,1
暮れる,1
釣る,1
～ちゃん,1
あんな,1
謝る,1
昼間,1
教育,1
女性,1
米,1
邪魔,1
国際,1
隅,1
伺う,1
再来週,1
夢,1
喉,1
最近,1
周り,1
歴史,1
不便,1
血,1
～続ける,1
毛,1
ひどい,1
例えば,1
中々,1
随分,1
～やすい,1
押し入れ,1
電灯,1
叱る,1
サンダル,1
びっくりする,1
うまい,1
変える,1
講堂,1
子,1
沸かす,1
レジ,1
しばらく,1
特に,1
計画,1
通り,1
下着,1
経済,1
こう,1
是非,1
裏,1
為,1
おいでになる,1
変わる,1
以外,1
済む,1
ハンバーグ,1
引き出し,1
遊び,1
支度,1
～始める,1
見える,1
十分,1
きっと,1
まず,1
遠く,1
大体,1
折れる,1
正しい,1
輸入,1
返事,1
産業,1
伝える,1
お金持ち,1
説明,1
島,1
道具,1
滑る,1
それほど,1
以上,1
～まま,1
特急,1
プレゼント,1
～(に) よると,1
妻,1
帰り,1
具合,1
堅; 硬; 固い,1
駐車場,1
スーツ,1
危険,1
髪,1
天気予報,1
彼女,1
卒業,1
それで,1
枝,1
専門,1
そろそろ,1
送る,1
あげる,1
騒ぐ,1
尋ねる,1
放送,1
政治,1
市民,1
ファックス,1
負ける,1
指輪,1
田舎,1
見つける,1
高校生,1
講義,1
そんなに,1
昼休み,1
忘れ物,1
下りる,1
腕,1
承知,1
日記,1
高校; 高等学校,1
似る,1
～おわる,1
暖房,1
留守,1
割合,1
寺,1
慣れる,1
普通,1
手伝う,1
なるほど,1
くださる,1
息子,1
お子さん,1
会場,1
笑う,1
運ぶ,1
文学,1
光,1
お見舞い,1
席,1
～様,1
ご存じ,1
字,1
アジア,1
褒める,1
あ,1
最も,1
合う,1
～代,1
最後,1
値段,1
退院,1
展覧会,1
久しぶり,1
カーテン,1
汽車,1
遅れる,1
見つかる,1
召し上がる,1
太る,1
注射,1
～おき,1
最初,1
安心,1
直る,1
集める,1
直す,1
続く,1
先輩,1
約束,1
世話,1
近所,1
将来,1
億,1
数学,1
文化,1
払う,1
習慣,1
焼ける,1
君,1
冷える,1
点く,1
この間,1
格好,1
かまう,1
続ける,1
落す,1
出発,1
拝見,1
割れる,1
背中,1
新聞社,1
いじめる,1
回る、回す,1
～君,1
おっしゃる,1
眠い,1
濡れる,1
倒れる,1
スーパー (マーケット),1
アクセサリー,1
考える,1
向かう,1
自由,1
仕方,1
首,1
程,1
代わり,1
失敗,1
工業,1
移る,1
スーツケース,1
ひげ,1
研究室,1
紹介,1
けれど; けれども,1
舟,1
動く,1
～(に) ついて,1
コンサート,1
虫,1
優しい,1
コンピュータ; コンピューター,1
植える,1
両方,1
汚れる,1
水泳,1
経験,1
勝つ,1
砂,1
警察,1
取り替える,1
急ぐ,1
簡単,1
参る,1
全然,1
特別,1
復習,1
間に合う,1
役に立つ,1
もうすぐ,1
真中,1
戻る,1
研究,1
ケーキ,1
草,1
込む,1
この頃,1
訪ねる,1
下げる,1
花見,1
途中,1
入院,1
乗り換える,1
別れる,1
～町,1
安全,1
看護婦,1
見物,1
相談,1
ガソリンスタンド,1
テニス,1
眠る,1
上がる,1
翻訳,1
食事,1
お陰,1
娘,1
湯,1
競争,1
会議,1
湖,1
集まる,1
～にくい,1
生活,1
糸,1
関係,1
ピアノ,1
～目,1
番組,1
急,1
棚,1
木綿,1
輸出,1
タイプ,1
すり,1
嬉しい,1
アルコール,1
ソフト,1
神社,1
楽しみ,1
趣味,1
電報,1
家内,1
指,1
これから,1
たまに,1
社会,1
ああ,1
会う,1
青,1
青い,1
赤,1
赤い,1
明るい,1
秋,1
開ける,1
上げる,1
朝,1
朝御飯,1
足; 脚,1
あそこ,1
遊ぶ,1
暖かい,1
新しい,1
あちら,1
暑い,1
熱い,1
厚い,1
あっち,1
あなた,1
兄,1
姉,1
アパート,1
あの,1
浴びる,1
危ない,1
甘い,1
余り,1
雨,1
飴,1
洗う,1
在る,1
有る,1
歩く,1
あれ,1
いい; よい,1
いいえ,1
言う,1
家,1
いかが,1
行く,1
いくつ,1
いくら,1
池,1
医者,1
椅子,1
忙しい,1
痛い,1
一,1
一番,1
いつ,1
五日,1
一緒,1
五つ,1
いつも,1
犬,1
今,1
意味,1
妹,1
嫌,1
入口,1
居る,1
要る,1
入れる,1
色,1
色々,1
後ろ,1
薄い,1
歌,1
歌う,1
うち,1
生まれる,1
海,1
売る,1
うるさい,1
上着,1
絵,1
映画,1
映画館,1
英語,1
ええ,1
駅,1
エレベーター,1
～円,1
鉛筆,1
お～,1
美味しい,1
多い,1
大きい,1
大きな,1
大勢,1
お母さん,1
お菓子,1
お金,1
起きる,1
置く,1
奥さん,1
お酒,1
お皿,1
伯父; 叔父さん,1
おじいさん,1
教える,1
押す,1
遅い,1
お茶,1
お手洗い,1
お父さん,1
弟,1
男,1
男の子,1
おととし,1
大人,1
お腹,1
同じ,1
お兄さん,1
お姉さん,1
伯母さん; 叔母さん,1
おばあさん,1
お風呂,1
お弁当,1
覚える,1
おまわりさん,1
重い,1
面白い,1
泳ぐ,1
降りる,1
終る,1
音楽,1
女,1
女の子,1
～回,1
～階,1
外国,1
外国人,1
会社,1
階段,1
買い物,1
買う,1
返す,1
帰る,1
顔,1
かかる,1
鍵,1
書く,1
学生,1
～か月,1
掛ける,1
かける,1
傘,1
貸す,1
風,1
風邪,1
家族,1
片仮名,1
学校,1
カップ,1
家庭,1
かばん,1
花瓶,1
かぶる,1
紙,1
カメラ,1
火曜日,1
体,1
借りる,1
～がる,1
軽い,1
カレー,1
カレンダー,1
川; 河,1
～側,1
可愛い,1
漢字,1
木,1
黄色,1
黄色い,1
消える,1
聞く,1
北,1
ギター,1
汚い,1
喫茶店,1
切手,1
切符,1
昨日,1
牛肉,1
牛乳,1
教室,1
兄弟,1
去年,1
嫌い,1
切る,1
着る,1
綺麗,1
キロ; キログラム,1
キロ; キロメートル,1
銀行,1
金曜日,1
薬,1
下さい,1
果物,1
口,1
靴,1
靴下,1
国,1
曇り,1
曇る,1
暗い,1
～くらい; ぐらい,1
クラス,1
グラム,1
車,1
黒,1
黒い,1
警官,1
今朝,1
消す,1
結構,1
結婚,1
月曜日,1
玄関,1
元気,1
～個,1
五,1
～語,1
公園,1
交差点,1
紅茶,1
交番,1
声,1
コート,1
コーヒー,1
ここ,1
午後,1
九日,1
九つ,1
午前,1
答える,1
こちら,1
こっち,1
コップ,1
今年,1
言葉,1
子供,1
この,1
御飯,1
コピーする,1
困る,1
これ,1
～ころ; ～ごろ,1
今月,1
今週,1
こんな,1
今晩,1
さあ,1
～歳,1
財布,1
咲く,1
作文,1
差す,1
～冊,1
雑誌,1
砂糖,1
寒い,1
さ来年,1
～さん,1
三,1
散歩,1
塩,1
しかし,1
時間,1
～時間,1
仕事,1
辞書,1
静か,1
七,1
質問,1
自転車,1
自動車,1
死ぬ,1
字引,1
自分,1
閉まる,1
閉める,1
締める,1
じゃ; じゃあ,1
写真,1
シャツ,1
シャワー,1
～週間,1
授業,1
宿題,1
上手,1
丈夫,1
醤油,1
食堂,1
知る,1
白,1
白い,1
新聞,1
水曜日,1
吸う,1
スカート,1
好き,1
～すぎ,1
少ない,1
すぐに,1
少し,1
涼しい,1
～ずつ,1
ストーブ,1
スプーン,1
スポーツ,1
ズボン,1
住む,1
座る,1
背,1
生徒,1
セーター,1
石鹸,1
背広,1
狭い,1
ゼロ,1
千,1
先月,1
先週,1
先生,1
洗濯,1
全部,1
そう; そうです,1
掃除,1
そうして; そして,1
そこ,1
そちら,1
そっち,1
その,1
それ,1
それから,1
それでは,1
～台,1
大学,1
大使館,1
大丈夫,1
大好き,1
大切,1
台所,1
大変,1
高い,1
～だけ,1
沢山,1
タクシー,1
出す,1
～たち,1
立つ,1
たて,1
建物,1
楽しい,1
頼む,1
たばこ,1
多分,1
食べ物,1
食べる,1
卵,1
誰,1
誰か,1
誕生日,1
段々,1
小さい,1
小さな,1
近い,1
違う,1
近く,1
地下鉄,1
地図,1
父,1
茶色,1
茶碗,1
丁度,1
ちょっと,1
使う,1
疲れる,1
次,1
着く,1
机,1
作る,1
つける,1
勤める,1
つまらない,1
冷たい,1
強い,1
手,1
テープ,1
テープレコーダー,1
テーブル,1
出かける,1
手紙,1
できる,1
出口,1
テスト,1
では,1
デパート,1
でも,1
出る,1
テレビ,1
天気,1
電気,1
電車,1
電話,1
戸,1
～度,1
ドア,1
トイレ,1
どう,1
どうして,1
どうぞ,1
動物,1
どうも,1
遠い,1
十日,1
時々,1
時計,1
どこ,1
所,1
年,1
図書館,1
どちら,1
どっち,1
とても,1
どなた,1
隣,1
どの,1
飛ぶ,1
止まる,1
友達,1
土曜日,1
鳥,1
鶏肉,1
取る,1
撮る,1
どれ,1
どんな,1
ない,1
ナイフ,1
長い,1
鳴く,1
無くす,1
なぜ,1
夏,1
夏休み,1
～など,1
七つ,1
何,1
七日,1
名前,1
習う,1
並ぶ,1
並べる,1
なる,1
何～,1
二,1
にぎやか,1
肉,1
西,1
日曜日,1
荷物,1
ニュース,1
庭,1
脱ぐ,1
温い,1
ネクタイ,1
猫,1
寝る,1
～年,1
ノート,1
登る,1
飲み物,1
飲む,1
乗る,1
歯,1
パーティー,1
はい,1
～杯,1
灰皿,1
入る,1
葉書,1
はく,1
箱,1
橋,1
箸,1
始まる,1
初め; 始め,1
初めて,1
走る,1
バス,1
バター,1
二十歳,1
働く,1
八,1
二十日,1
花,1
鼻,1
話,1
話す,1
母,1
早い,1
速い,1
春,1
貼る,1
晴れ,1
晴れる,1
半,1
晩,1
～番,1
パン,1
ハンカチ,1
番号,1
晩御飯,1
半分,1
東,1
～匹,1
引く,1
低い,1
飛行機,1
左,1
人,1
一つ,1
一月,1
一人,1
暇,1
百,1
病院,1
病気,1
平仮名,1
昼,1
昼御飯,1
広い,1
フィルム,1
封筒,1
プール,1
フォーク,1
吹く,1
服,1
二つ,1
豚肉,1
二人,1
二日,1
太い,1
冬,1
降る,1
古い,1
～分,1
文章,1
ページ,1
下手,1
ベッド,1
ペット,1
部屋,1
辺,1
ペン,1
勉強,1
便利,1
帽子,1
ボールペン,1
ポケット,1
欲しい,1
ポスト,1
細い,1
ボタン,1
ホテル,1
本,1
～本,1
本棚,1
～枚,1
毎朝,1
毎月,1
毎週,1
毎日,1
毎年,1
毎晩,1
前,1
曲る,1
まずい,1
また,1
まだ,1
町,1
待つ,1
まっすぐ,1
マッチ,1
窓,1
丸い; 円い,1
万,1
万年筆,1
磨く,1
右,1
短い,1
水,1
店,1
見せる,1
道,1
三日,1
三つ,1
緑,1
皆さん,1
南,1
耳,1
見る,1
みんな,1
六日,1
向こう,1
難しい,1
六つ,1
村,1
目,1
メートル,1
眼鏡,1
もう,1
木曜日,1
もしもし,1
持つ,1
もっと,1
物,1
門,1
問題,1
～屋,1
八百屋,1
野菜,1
易しい,1
安い,1
休み,1
休む,1
八つ,1
山,1
やる,1
夕方,1
夕飯,1
郵便局,1
昨夜,1
有名,1
雪,1
ゆっくりと,1
八日,1
洋服,1
よく,1
横,1
四日,1
四つ,1
呼ぶ,1
読む,1
弱い,1
来月,1
来週,1
来年,1
ラジオ,1
ラジオカセ,1
りっぱ,1
留学生,1
両親,1
料理,1
旅行,1
零,1
冷蔵庫,1
レコード,1
レストラン,1
練習,1
廊下,1
六,1
ワイシャツ,1
若い,1
分かる,1
忘れる,1
渡す,1
渡る,1
悪い,1
